Time(ms),Location(m),Speed(m/s)
5000,450,90
5100,459,90
5200,468,90
5300,477,90
5400,486,90
5500,495,90
5600,504,90
5700,513,90
5800,522,90
5900,531,90
6000,540,90
6100,549,90
6200,558,90
6300,567,90
6400,576,90
6500,585,90
6600,594,90
6700,603,90
6800,612,90
6900,621,90
7000,630,90
7100,639,90
7200,648,90
7300,657,90
7400,666,90
7500,675,90
7600,684,90
7700,693,90
7800,702,90
7900,711,90
8000,720,90
8100,729,90
8200,738,90
8300,747,90
8400,756,90
8500,765,90
8600,774,90
8700,783,90
8800,792,90
8900,801,90
9000,810,90
9100,819,90
9200,828,90
9300,837,90
9400,846,90
9500,855,90
9600,864,90
9700,873,90
9800,882,90
9900,891,90
10000,900,90
10100,909,90
10200,918,90
10300,927,90
10400,936,90
10500,945,90
10600,954,90
10700,963,90
10800,972,90
10900,981,90
11000,990,90
11100,999,90
11200,1008,90
11300,1017,90
11400,1026,90
11500,1035,90
11600,1044,90
11700,1053,90
11800,1062,90
11900,1071,90
12000,1080,90
12100,1089,90
12200,1098,90
12300,1107,90
12400,1116,90
12500,1125,90
12600,1134,90
12700,1143,90
12800,1152,90
12900,1161,90
13000,1170,90
13100,1179,90
13200,1188,90
13300,1197,90
13400,1206,90
13500,1215,90
13600,1224,90
13700,1233,90
13800,1242,90
13900,1251,90
14000,1260,90
14100,1269,90
14200,1278,90
14300,1287,90
14400,1296,90
14500,1305,90
14600,1314,90
14700,1323,90
14800,1332,90
14900,1341,90
15000,1350,90
15100,1359,90
15200,1368,90
15300,1377,90
15400,1386,90
15500,1395,90
15600,1404,90
15700,1413,90
15800,1422,90
15900,1431,90
16000,1440,90
16100,1449,90
16200,1458,90
16300,1467,90
16400,1476,90
16500,1485,90
16600,1494,90
16700,1503,90
16800,1512,90
16900,1521,90
17000,1530,90
17100,1539,90
17200,1548,90
17300,1557,90
17400,1566,90
17500,1575,90
17600,1584,90
17700,1593,90
17800,1602,90
17900,1611,90
18000,1620,90
18100,1629,90
18200,1638,90
18300,1647,90
18400,1656,90
18500,1665,90
18600,1674,90
18700,1683,90
18800,1692,90
18900,1701,90
19000,1710,90
19100,1719,90
19200,1728,90
19300,1737,90
19400,1746,90
19500,1755,90
19600,1764,90
19700,1773,90
19800,1782,90
19900,1791,90
20000,1800,90
20100,1809,90
20200,1818,90
20300,1827,90
20400,1836,90
20500,1845,90
20600,1854,90
20700,1863,90
20800,1872,90
20900,1881,90
21000,1890,90
21100,1899,90
21200,1908,90
21300,1917,90
21400,1926,90
21500,1935,90
21600,1944,90
21700,1953,90
21800,1962,90
21900,1971,90
22000,1980,90
22100,1989,90
22200,1998,90
22300,2007,90
22400,2016,90
22500,2025,90
22600,2034,90
22700,2043,90
22800,2052,90
22900,2061,90
23000,2070,90
23100,2079,90
23200,2088,90
23300,2097,90
23400,2106,90
23500,2115,90
23600,2124,90
23700,2133,90
23800,2142,90
23900,2151,90
24000,2160,90
24100,2169,90
24200,2178,90
24300,2187,90
24400,2196,90
24500,2205,90
24600,2214,90
24700,2223,90
24800,2232,90
24900,2241,90
25000,2250,90
25100,2259,90
25200,2268,90
25300,2277,90
25400,2286,90
25500,2295,90
25600,2304,90
25700,2313,90
25800,2322,90
25900,2331,90
26000,2340,90
26100,2349,90
26200,2358,90
26300,2367,90
26400,2376,90
26500,2385,90
26600,2394,90
26700,2403,90
26800,2412,90
26900,2421,90
27000,2430,90
27100,2439,90
27200,2448,90
27300,2457,90
27400,2466,90
27500,2475,90
27600,2484,90
27700,2493,90
27800,2502,90
27900,2511,90
28000,2520,90
28100,2529,90
28200,2538,90
28300,2547,90
28400,2556,90
28500,2565,90
28600,2574,90
28700,2583,90
28800,2592,90
28900,2601,90
29000,2610,90
29100,2619,90
29200,2628,90
29300,2637,90
29400,2646,90
29500,2655,90
29600,2664,90
29700,2673,90
29800,2682,90
29900,2691,90
30000,2700,90
30100,2709,90
30200,2718,90
30300,2727,90
30400,2736,90
30500,2745,90
30600,2754,90
30700,2763,90
30800,2772,90
30900,2781,90
31000,2790,90
31100,2799,90
31200,2808,90
31300,2817,90
31400,2826,90
31500,2835,90
31600,2844,90
31700,2853,90
31800,2862,90
31900,2871,90
32000,2880,90
32100,2889,90
32200,2898,90
32300,2907,90
32400,2916,90
32500,2925,90
32600,2934,90
32700,2943,90
32800,2952,90
32900,2961,90
33000,2970,90
33100,2979,90
33200,2988,90
33300,2997,90
33400,3006,90
33500,3015,90
33600,3024,90
33700,3033,90
33800,3042,90
33900,3051,90
34000,3060,90
34100,3069,90
34200,3078,90
34300,3087,90
34400,3096,90
34500,3105,90
34600,3114,90
34700,3123,90
34800,3132,90
34900,3141,90
35000,3150,90
35100,3159,90
35200,3168,90
35300,3177,90
35400,3186,90
35500,3195,90
35600,3204,90
35700,3213,90
35800,3222,90
35900,3231,90
36000,3240,90
36100,3249,90
36200,3258,90
36300,3267,90
36400,3276,90
36500,3285,90
36600,3294,90
36700,3303,90
36800,3312,90
36900,3321,90
37000,3330,90
37100,3339,90
37200,3348,90
37300,3357,90
37400,3366,90
37500,3375,90
37600,3384,90
37700,3393,90
37800,3402,90
37900,3411,90
38000,3420,90
38100,3429,90
38200,3438,90
38300,3447,90
38400,3456,90
38500,3465,90
38600,3474,90
38700,3483,90
38800,3492,90
38900,3501,90
39000,3510,90
39100,3519,90
39200,3528,90
39300,3537,90
39400,3546,90
39500,3555,90
39600,3564,90
39700,3573,90
39800,3582,90
39900,3591,90
40000,3600,90
40100,3609,90
40200,3618,90
40300,3627,90
40400,3636,90
40500,3645,90
40600,3654,90
40700,3663,90
40800,3672,90
40900,3681,90
41000,3690,90
41100,3699,90
41200,3708,90
41300,3717,90
41400,3726,90
41500,3735,90
41600,3744,90
41700,3753,90
41800,3762,90
41900,3771,90
42000,3780,90
42100,3789,90
42200,3798,90
42300,3807,90
42400,3816,90
42500,3825,90
42600,3834,90
42700,3843,90
42800,3852,90
42900,3861,90
43000,3870,90
43100,3879,90
43200,3888,90
43300,3897,90
43400,3906,90
43500,3915,90
43600,3924,90
43700,3933,90
43800,3942,90
43900,3951,90
44000,3960,90
44100,3969,90
44200,3978,90
44300,3987,90
44400,3996,90
44500,4005,90
44600,4014,90
44700,4023,90
44800,4032,90
44900,4041,90
45000,4050,90
45100,4059,90
45200,4068,90
45300,4077,90
45400,4086,90
45500,4095,90
45600,4104,90
45700,4113,90
45800,4122,90
45900,4131,90
46000,4140,90
46100,4149,90
46200,4158,90
46300,4167,90
46400,4176,90
46500,4185,90
46600,4194,90
46700,4203,90
46800,4212,90
46900,4221,90
47000,4230,90
47100,4239,90
47200,4248,90
47300,4257,90
47400,4266,90
47500,4275,90
47600,4284,90
47700,4293,90
47800,4302,90
47900,4311,90
48000,4320,90
48100,4329,90
48200,4338,90
48300,4347,90
48400,4356,90
48500,4365,90
48600,4374,90
48700,4383,90
48800,4392,90
48900,4401,90
49000,4410,90
49100,4419,90
49200,4428,90
49300,4437,90
49400,4446,90
49500,4455,90
49600,4464,90
49700,4473,90
49800,4482,90
49900,4491,90
50000,4500,90
50100,4509,90
50200,4518,90
50300,4527,90
50400,4536,90
50500,4545,90
50600,4554,90
50700,4563,90
50800,4572,90
50900,4581,90
51000,4590,90
51100,4599,90
51200,4608,90
51300,4617,90
51400,4626,90
51500,4635,90
51600,4644,90
51700,4653,90
51800,4662,90
51900,4671,90
52000,4680,90
52100,4689,90
52200,4698,90
52300,4707,90
52400,4716,90
52500,4725,90
52600,4734,90
52700,4743,90
52800,4752,90
52900,4761,90
53000,4770,90
53100,4779,90
53200,4788,90
53300,4797,90
53400,4806,90
53500,4815,90
53600,4824,90
53700,4833,90
53800,4842,90
53900,4851,90
54000,4860,90
54100,4869,90
54200,4878,90
54300,4887,90
54400,4896,90
54500,4905,90
54600,4914,90
54700,4923,90
54800,4932,90
54900,4941,90
55000,4950,90
55100,4959,90
55200,4968,90
55300,4977,90
55400,4986,90
55500,4995,90
55600,5004,90
55700,5013,90
55800,5022,90
55900,5031,90
56000,5040,90
56100,5049,90
56200,5058,90
56300,5067,90
56400,5076,90
56500,5085,90
56600,5094,90
56700,5103,90
56800,5112,90
56900,5121,90
57000,5130,90
57100,5139,90
57200,5148,90
57300,5157,90
57400,5166,90
57500,5175,90
57600,5184,90
57700,5193,90
57800,5202,90
57900,5211,90
58000,5220,90
58100,5229,90
58200,5238,90
58300,5247,90
58400,5256,90
58500,5265,90
58600,5274,90
58700,5283,90
58800,5292,90
58900,5301,90
59000,5310,90
59100,5319,90
59200,5328,90
59300,5337,90
59400,5346,90
59500,5355,90
59600,5364,90
59700,5373,90
59800,5382,90
59900,5391,90
60000,5400,90
60100,5409,90
60200,5418,90
60300,5427,90
60400,5436,90
60500,5445,90
60600,5454,90
60700,5463,90
60800,5472,90
60900,5481,90
61000,5490,90
61100,5499,90
61200,5508,90
61300,5517,90
61400,5526,90
61500,5535,90
61600,5544,90
61700,5553,90
61800,5562,90
61900,5571,90
62000,5580,90
62100,5589,90
62200,5598,90
62300,5607,90
62400,5616,90
62500,5625,90
62600,5634,90
62700,5643,90
62800,5652,90
62900,5661,90
63000,5670,90
63100,5679,90
63200,5688,90
63300,5697,90
63400,5706,90
63500,5715,90
63600,5724,90
63700,5733,90
63800,5742,90
63900,5751,90
64000,5760,90
64100,5769,90
64200,5778,90
64300,5787,90
64400,5796,90
64500,5805,90
64600,5814,90
64700,5823,90
64800,5832,90
64900,5841,90
65000,5850,90
65100,5859,90
65200,5868,90
65300,5877,90
65400,5886,90
65500,5895,90
65600,5904,90
65700,5913,90
65800,5922,90
65900,5931,90
66000,5940,90
66100,5949,90
66200,5958,90
66300,5967,90
66400,5976,90
66500,5985,90
66600,5994,90
66700,6003,90
66800,6012,90
66900,6021,90
67000,6030,90
67100,6039,90
67200,6048,90
67300,6057,90
67400,6066,90
67500,6075,90
67600,6084,90
67700,6093,90
67800,6102,90
67900,6111,90
68000,6120,90
68100,6129,90
68200,6138,90
68300,6147,90
68400,6156,90
68500,6165,90
68600,6174,90
68700,6183,90
68800,6192,90
68900,6201,90
69000,6210,90
69100,6219,90
69200,6228,90
69300,6237,90
69400,6246,90
69500,6255,90
69600,6264,90
69700,6273,90
69800,6282,90
69900,6291,90
70000,6300,90
70100,6309,90
70200,6318,90
70300,6327,90
70400,6336,90
70500,6345,90
70600,6354,90
70700,6363,90
70800,6372,90
70900,6381,90
71000,6390,90
71100,6399,90
71200,6408,90
71300,6417,90
71400,6426,90
71500,6435,90
71600,6444,90
71700,6453,90
71800,6462,90
71900,6471,90
72000,6480,90
72100,6489,90
72200,6498,90
72300,6507,90
72400,6516,90
72500,6525,90
72600,6534,90
72700,6543,90
72800,6552,90
72900,6561,90
73000,6570,90
73100,6579,90
73200,6588,90
73300,6597,90
73400,6606,90
73500,6615,90
73600,6624,90
73700,6633,90
73800,6642,90
73900,6651,90
74000,6660,90
74100,6669,90
74200,6678,90
74300,6687,90
74400,6696,90
74500,6705,90
74600,6714,90
74700,6723,90
74800,6732,90
74900,6741,90
75000,6750,90
75100,6759,90
75200,6768,90
75300,6777,90
75400,6786,90
75500,6795,90
75600,6804,90
75700,6813,90
75800,6822,90
75900,6831,90
76000,6840,90
76100,6849,90
76200,6858,90
76300,6867,90
76400,6876,90
76500,6885,90
76600,6894,90
76700,6903,90
76800,6912,90
76900,6921,90
77000,6930,90
77100,6939,90
77200,6948,90
77300,6957,90
77400,6966,90
77500,6975,90
77600,6984,90
77700,6993,90
77800,7002,90
77900,7011,90
78000,7020,90
78100,7029,90
78200,7038,90
78300,7047,90
78400,7056,90
78500,7065,90
78600,7074,90
78700,7083,90
78800,7092,90
78900,7101,90
79000,7110,90
79100,7119,90
79200,7128,90
79300,7137,90
79400,7146,90
79500,7155,90
79600,7164,90
79700,7173,90
79800,7182,90
79900,7191,90
80000,7200,90
80100,7209,90
80200,7218,90
80300,7227,90
80400,7236,90
80500,7245,90
80600,7254,90
80700,7263,90
80800,7272,90
80900,7281,90
81000,7290,90
81100,7299,90
81200,7308,90
81300,7317,90
81400,7326,90
81500,7335,90
81600,7344,90
81700,7353,90
81800,7362,90
81900,7371,90
82000,7380,90
82100,7389,90
82200,7398,90
82300,7407,90
82400,7416,90
82500,7425,90
82600,7434,90
82700,7443,90
82800,7452,90
82900,7461,90
83000,7470,90
83100,7479,90
83200,7488,90
83300,7497,90
83400,7506,90
83500,7515,90
83600,7524,90
83700,7533,90
83800,7542,90
83900,7551,90
84000,7560,90
84100,7569,90
84200,7578,90
84300,7587,90
84400,7596,90
84500,7605,90
84600,7614,90
84700,7623,90
84800,7632,90
84900,7641,90
85000,7650,90
85100,7659,90
85200,7668,90
85300,7677,90
85400,7686,90
85500,7695,90
85600,7704,90
85700,7713,90
85800,7722,90
85900,7731,90
86000,7740,90
86100,7749,90
86200,7758,90
86300,7767,90
86400,7776,90
86500,7785,90
86600,7794,90
86700,7803,90
86800,7812,90
86900,7821,90
87000,7830,90
87100,7839,90
87200,7848,90
87300,7857,90
87400,7866,90
87500,7875,90
87600,7884,90
87700,7893,90
87800,7902,90
87900,7911,90
88000,7920,90
88100,7929,90
88200,7938,90
88300,7947,90
88400,7956,90
88500,7965,90
88600,7974,90
88700,7983,90
88800,7992,90
88900,8001,90
89000,8010,90
89100,8019,90
89200,8028,90
89300,8037,90
89400,8046,90
89500,8055,90
89600,8064,90
89700,8073,90
89800,8082,90
89900,8091,90
90000,8100,90
90100,8109,90
90200,8118,90
90300,8127,90
90400,8136,90
90500,8145,90
90600,8154,90
90700,8163,90
90800,8172,90
90900,8181,90
91000,8190,90
91100,8199,90
91200,8208,90
91300,8217,90
91400,8226,90
91500,8235,90
91600,8244,90
91700,8253,90
91800,8262,90
91900,8271,90
92000,8280,90
92100,8289,90
92200,8298,90
92300,8307,90
92400,8316,90
92500,8325,90
92600,8334,90
92700,8343,90
92800,8352,90
92900,8361,90
93000,8370,90
93100,8379,90
93200,8388,90
93300,8397,90
93400,8406,90
93500,8415,90
93600,8424,90
93700,8433,90
93800,8442,90
93900,8451,90
94000,8460,90
94100,8469,90
94200,8478,90
94300,8487,90
94400,8496,90
94500,8505,90
94600,8514,90
94700,8523,90
94800,8532,90
94900,8541,90
95000,8550,90
95100,8559,90
95200,8568,90
95300,8577,90
95400,8586,90
95500,8595,90
95600,8604,90
95700,8613,90
95800,8622,90
95900,8631,90
96000,8640,90
96100,8649,90
96200,8658,90
96300,8667,90
96400,8676,90
96500,8685,90
96600,8694,90
96700,8703,90
96800,8712,90
96900,8721,90
97000,8730,90
97100,8739,90
97200,8748,90
97300,8757,90
97400,8766,90
97500,8775,90
97600,8784,90
97700,8793,90
97800,8802,90
97900,8811,90
98000,8820,90
98100,8829,90
98200,8838,90
98300,8847,90
98400,8856,90
98500,8865,90
98600,8874,90
98700,8883,90
98800,8892,90
98900,8901,90
99000,8910,90
99100,8919,90
99200,8928,90
99300,8937,90
99400,8946,90
99500,8955,90
99600,8964,90
99700,8973,90
99800,8982,90
99900,8991,90
100000,9000,90
100100,9009,90
100200,9018,90
100300,9027,90
100400,9036,90
100500,9045,90
100600,9054,90
100700,9063,90
100800,9072,90
100900,9081,90
101000,9090,90
101100,9099,90
101200,9108,90
101300,9117,90
101400,9126,90
101500,9135,90
101600,9144,90
101700,9153,90
101800,9162,90
101900,9171,90
102000,9180,90
102100,9189,90
102200,9198,90
102300,9207,90
102400,9216,90
102500,9225,90
102600,9234,90
102700,9243,90
102800,9252,90
102900,9261,90
103000,9270,90
103100,9279,90
103200,9288,90
103300,9297,90
103400,9306,90
103500,9315,90
103600,9324,90
103700,9333,90
103800,9342,90
103900,9351,90
104000,9360,90
104100,9369,90
104200,9378,90
104300,9387,90
104400,9396,90
104500,9405,90
104600,9414,90
104700,9423,90
104800,9432,90
104900,9441,90
105000,9450,90
105100,9459,90
105200,9468,90
105300,9477,90
105400,9486,90
105500,9495,90
105600,9504,90
105700,9513,90
105800,9522,90
105900,9531,90
106000,9540,90
106100,9549,90
106200,9558,90
106300,9567,90
106400,9576,90
106500,9585,90
106600,9594,90
106700,9603,90
106800,9612,90
106900,9621,90
107000,9630,90
107100,9639,90
107200,9648,90
107300,9657,90
107400,9666,90
107500,9675,90
107600,9684,90
107700,9693,90
107800,9702,90
107900,9711,90
108000,9720,90
108100,9729,90
108200,9738,90
108300,9747,90
108400,9756,90
108500,9765,90
108600,9774,90
108700,9783,90
108800,9792,90
108900,9801,90
109000,9810,90
109100,9819,90
109200,9828,90
109300,9837,90
109400,9846,90
109500,9855,90
109600,9864,90
109700,9873,90
109800,9882,90
109900,9891,90
110000,9900,90
110100,9909,90
110200,9918,90
110300,9927,90
110400,9936,90
110500,9945,90
110600,9954,90
110700,9963,90
110800,9972,90
110900,9981,90
111000,9990,90
111100,9999,90
111200,10008,90
111300,10017,90
111400,10026,90
111500,10035,90
111600,10044,90
111700,10053,90
111800,10062,90
111900,10071,90
112000,10080,90
112100,10089,90
112200,10098,90
112300,10107,90
112400,10116,90
112500,10125,90
112600,10134,90
112700,10143,90
112800,10152,90
112900,10161,90
113000,10170,90
113100,10179,90
113200,10188,90
113300,10197,90
113400,10206,90
113500,10215,90
113600,10224,90
113700,10233,90
113800,10242,90
113900,10251,90
114000,10260,90
114100,10269,90
114200,10278,90
114300,10287,90
114400,10296,90
114500,10305,90
114600,10314,90
114700,10323,90
114800,10332,90
114900,10341,90
115000,10350,90
115100,10359,90
115200,10368,90
115300,10377,90
115400,10386,90
115500,10395,90
115600,10404,90
115700,10413,90
115800,10422,90
115900,10431,90
116000,10440,90
116100,10449,90
116200,10458,90
116300,10467,90
116400,10476,90
116500,10485,90
116600,10494,90
116700,10503,90
116800,10512,90
116900,10521,90
117000,10530,90
117100,10539,90
117200,10548,90
117300,10557,90
117400,10566,90
117500,10575,90
117600,10584,90
117700,10593,90
117800,10602,90
117900,10611,90
118000,10620,90
118100,10629,90
118200,10638,90
118300,10647,90
118400,10656,90
118500,10665,90
118600,10674,90
118700,10683,90
118800,10692,90
118900,10701,90
119000,10710,90
119100,10719,90
119200,10728,90
119300,10737,90
119400,10746,90
119500,10755,90
119600,10764,90
119700,10773,90
119800,10782,90
119900,10791,90
120000,10800,90
120100,10809,90
120200,10818,90
120300,10827,90
120400,10836,90
120500,10845,90
120600,10854,90
120700,10863,90
120800,10872,90
120900,10881,90
121000,10890,90
121100,10899,90
121200,10908,90
121300,10917,90
121400,10926,90
121500,10935,90
121600,10944,90
121700,10953,90
121800,10962,90
121900,10971,90
122000,10980,90
122100,10989,90
122200,10998,90
122300,11007,90
122400,11016,90
122500,11025,90
122600,11034,90
122700,11043,90
122800,11052,90
122900,11061,90
123000,11070,90
123100,11079,90
123200,11088,90
123300,11097,90
123400,11106,90
123500,11115,90
123600,11124,90
123700,11133,90
123800,11142,90
123900,11151,90
124000,11160,90
124100,11169,90
124200,11178,90
124300,11187,90
124400,11196,90
124500,11205,90
124600,11214,90
124700,11223,90
124800,11232,90
124900,11241,90
125000,11250,90
125100,11259,90
125200,11268,90
125300,11277,90
125400,11286,90
125500,11295,90
125600,11304,90
125700,11313,90
125800,11322,90
125900,11331,90
126000,11340,90
126100,11349,90
126200,11358,90
126300,11367,90
126400,11376,90
126500,11385,90
126600,11394,90
126700,11403,90
126800,11412,90
126900,11421,90
127000,11430,90
127100,11439,90
127200,11448,90
127300,11457,90
127400,11466,90
127500,11475,90
127600,11484,90
127700,11493,90
127800,11502,90
127900,11511,90
128000,11520,90
128100,11529,90
128200,11538,90
128300,11547,90
128400,11556,90
128500,11565,90
128600,11574,90
128700,11583,90
128800,11592,90
128900,11601,90
129000,11610,90
129100,11619,90
129200,11628,90
129300,11637,90
129400,11646,90
129500,11655,90
129600,11664,90
129700,11673,90
129800,11682,90
129900,11691,90
130000,11700,90
130100,11709,89.88
130200,11718,89.76
130300,11726.9,89.64
130400,11735.9,89.52
130500,11744.9,89.4
130600,11753.8,89.28
130700,11762.7,89.16
130800,11771.6,89.04
130900,11780.5,88.92
131000,11789.4,88.8
131100,11798.3,88.68
131200,11807.1,88.56
131300,11816,88.44
131400,11824.8,88.32
131500,11833.7,88.2
131600,11842.5,88.08
131700,11851.3,87.96
131800,11860.1,87.84
131900,11868.8,87.72
132000,11877.6,87.6
132100,11886.4,87.48
132200,11895.1,87.36
132300,11903.8,87.24
132400,11912.5,87.12
132500,11921.3,87
132600,11929.9,86.88
132700,11938.6,86.76
132800,11947.3,86.64
132900,11956,86.52
133000,11964.6,86.4
133100,11973.2,86.28
133200,11981.9,86.16
133300,11990.5,86.04
133400,11999.1,85.92
133500,12007.7,85.8
133600,12016.2,85.68
133700,12024.8,85.56
133800,12033.3,85.44
133900,12041.9,85.32
134000,12050.4,85.2
134100,12058.9,85.08
134200,12067.4,84.96
134300,12075.9,84.84
134400,12084.4,84.72
134500,12092.9,84.6
134600,12101.3,84.48
134700,12109.7,84.36
134800,12118.2,84.24
134900,12126.6,84.12
135000,12135,84
135100,12143.4,83.88
135200,12151.8,83.76
135300,12160.1,83.64
135400,12168.5,83.52
135500,12176.9,83.4
135600,12185.2,83.28
135700,12193.5,83.16
135800,12201.8,83.04
135900,12210.1,82.92
136000,12218.4,82.8
136100,12226.7,82.68
136200,12234.9,82.56
136300,12243.2,82.44
136400,12251.4,82.32
136500,12259.7,82.2
136600,12267.9,82.08
136700,12276.1,81.96
136800,12284.3,81.84
136900,12292.4,81.72
137000,12300.6,81.6
137100,12308.8,81.48
137200,12316.9,81.36
137300,12325,81.24
137400,12333.1,81.12
137500,12341.3,81
137600,12349.3,80.88
137700,12357.4,80.76
137800,12365.5,80.64
137900,12373.6,80.52
138000,12381.6,80.4
138100,12389.6,80.28
138200,12397.7,80.16
138300,12405.7,80.04
138400,12413.7,79.92
138500,12421.7,79.8
138600,12429.6,79.68
138700,12437.6,79.56
138800,12445.5,79.44
138900,12453.5,79.32
139000,12461.4,79.2
139100,12469.3,79.08
139200,12477.2,78.96
139300,12485.1,78.84
139400,12493,78.72
139500,12500.9,78.6
139600,12508.7,78.48
139700,12516.5,78.36
139800,12524.4,78.24
139900,12532.2,78.12
140000,12540,78
140100,12547.8,77.88
140200,12555.6,77.76
140300,12563.3,77.64
140400,12571.1,77.52
140500,12578.9,77.4
140600,12586.6,77.28
140700,12594.3,77.16
140800,12602,77.04
140900,12609.7,76.92
141000,12617.4,76.8
141100,12625.1,76.68
141200,12632.7,76.56
141300,12640.4,76.44
141400,12648,76.32
141500,12655.7,76.2
141600,12663.3,76.08
141700,12670.9,75.96
141800,12678.5,75.84
141900,12686,75.72
142000,12693.6,75.6
142100,12701.2,75.48
142200,12708.7,75.36
142300,12716.2,75.24
142400,12723.7,75.12
142500,12731.3,75
142600,12738.7,74.88
142700,12746.2,74.76
142800,12753.7,74.64
142900,12761.2,74.52
143000,12768.6,74.4
143100,12776,74.28
143200,12783.5,74.16
143300,12790.9,74.04
143400,12798.3,73.92
143500,12805.7,73.8
143600,12813,73.68
143700,12820.4,73.56
143800,12827.7,73.44
143900,12835.1,73.32
144000,12842.4,73.2
144100,12849.7,73.08
144200,12857,72.96
144300,12864.3,72.84
144400,12871.6,72.72
144500,12878.9,72.6
144600,12886.1,72.48
144700,12893.3,72.36
144800,12900.6,72.24
144900,12907.8,72.12
145000,12915,72
145100,12922.2,71.88
145200,12929.4,71.76
145300,12936.5,71.64
145400,12943.7,71.52
145500,12950.9,71.4
145600,12958,71.28
145700,12965.1,71.16
145800,12972.2,71.04
145900,12979.3,70.92
146000,12986.4,70.8
146100,12993.5,70.68
146200,13000.5,70.56
146300,13007.6,70.44
146400,13014.6,70.32
146500,13021.7,70.2
146600,13028.7,70.08
146700,13035.7,69.96
146800,13042.7,69.84
146900,13049.6,69.72
147000,13056.6,69.6
147100,13063.6,69.48
147200,13070.5,69.36
147300,13077.4,69.24
147400,13084.3,69.12
147500,13091.3,69
147600,13098.1,68.88
147700,13105,68.76
147800,13111.9,68.64
147900,13118.8,68.52
148000,13125.6,68.4
148100,13132.4,68.28
148200,13139.3,68.16
148300,13146.1,68.04
148400,13152.9,67.92
148500,13159.7,67.8
148600,13166.4,67.68
148700,13173.2,67.56
148800,13179.9,67.44
148900,13186.7,67.32
149000,13193.4,67.2
149100,13200.1,67.08
149200,13206.8,66.96
149300,13213.5,66.84
149400,13220.2,66.72
149500,13226.9,66.6
149600,13233.5,66.48
149700,13240.1,66.36
149800,13246.8,66.24
149900,13253.4,66.12
150000,13260,66
150100,13266.6,65.88
150200,13273.2,65.76
150300,13279.7,65.64
150400,13286.3,65.52
150500,13292.9,65.4
150600,13299.4,65.28
150700,13305.9,65.16
150800,13312.4,65.04
150900,13318.9,64.92
151000,13325.4,64.8
151100,13331.9,64.68
151200,13338.3,64.56
151300,13344.8,64.44
151400,13351.2,64.32
151500,13357.7,64.2
151600,13364.1,64.08
151700,13370.5,63.96
151800,13376.9,63.84
151900,13383.2,63.72
152000,13389.6,63.6
152100,13396,63.48
152200,13402.3,63.36
152300,13408.6,63.24
152400,13414.9,63.12
152500,13421.3,63
152600,13427.5,62.88
152700,13433.8,62.76
152800,13440.1,62.64
152900,13446.4,62.52
153000,13452.6,62.4
153100,13458.8,62.28
153200,13465.1,62.16
153300,13471.3,62.04
153400,13477.5,61.92
153500,13483.7,61.8
153600,13489.8,61.68
153700,13496,61.56
153800,13502.1,61.44
153900,13508.3,61.32
154000,13514.4,61.2
154100,13520.5,61.08
154200,13526.6,60.96
154300,13532.7,60.84
154400,13538.8,60.72
154500,13544.9,60.6
154600,13550.9,60.48
154700,13556.9,60.36
154800,13563,60.24
154900,13569,60.12
155000,13575,60
155100,13581,59.88
155200,13587,59.76
155300,13592.9,59.64
155400,13598.9,59.52
155500,13604.9,59.4
155600,13610.8,59.28
155700,13616.7,59.16
155800,13622.6,59.04
155900,13628.5,58.92
156000,13634.4,58.8
156100,13640.3,58.68
156200,13646.1,58.56
156300,13652,58.44
156400,13657.8,58.32
156500,13663.7,58.2
156600,13669.5,58.08
156700,13675.3,57.96
156800,13681.1,57.84
156900,13686.8,57.72
157000,13692.6,57.6
157100,13698.4,57.48
157200,13704.1,57.36
157300,13709.8,57.24
157400,13715.5,57.12
157500,13721.3,57
157600,13726.9,56.88
157700,13732.6,56.76
157800,13738.3,56.64
157900,13744,56.52
158000,13749.6,56.4
158100,13755.2,56.28
158200,13760.9,56.16
158300,13766.5,56.04
158400,13772.1,55.92
158500,13777.7,55.8
158600,13783.2,55.68
158700,13788.8,55.56
158800,13794.3,55.44
158900,13799.9,55.32
159000,13805.4,55.2
159100,13810.9,55.08
159200,13816.4,54.96
159300,13821.9,54.84
159400,13827.4,54.72
159500,13832.9,54.6
159600,13838.3,54.48
159700,13843.7,54.36
159800,13849.2,54.24
159900,13854.6,54.12
160000,13860,54
160100,13865.4,53.88
160200,13870.8,53.76
160300,13876.1,53.64
160400,13881.5,53.52
160500,13886.9,53.4
160600,13892.2,53.28
160700,13897.5,53.16
160800,13902.8,53.04
160900,13908.1,52.92
161000,13913.4,52.8
161100,13918.7,52.68
161200,13923.9,52.56
161300,13929.2,52.44
161400,13934.4,52.32
161500,13939.7,52.2
161600,13944.9,52.08
161700,13950.1,51.96
161800,13955.3,51.84
161900,13960.4,51.72
162000,13965.6,51.6
162100,13970.8,51.48
162200,13975.9,51.36
162300,13981,51.24
162400,13986.1,51.12
162500,13991.3,51
162600,13996.3,50.88
162700,14001.4,50.76
162800,14006.5,50.64
162900,14011.6,50.52
163000,14016.6,50.4
163100,14021.6,50.28
163200,14026.7,50.16
163300,14031.7,50.04
163400,14036.7,49.92
163500,14041.7,49.8
163600,14046.6,49.68
163700,14051.6,49.56
163800,14056.5,49.44
163900,14061.5,49.32
164000,14066.4,49.2
164100,14071.3,49.08
164200,14076.2,48.96
164300,14081.1,48.84
164400,14086,48.72
164500,14090.9,48.6
164600,14095.7,48.48
164700,14100.5,48.36
164800,14105.4,48.24
164900,14110.2,48.12
165000,14115,48
165100,14119.8,47.88
165200,14124.6,47.76
165300,14129.3,47.64
165400,14134.1,47.52
165500,14138.9,47.4
165600,14143.6,47.28
165700,14148.3,47.16
165800,14153,47.04
165900,14157.7,46.92
166000,14162.4,46.8
166100,14167.1,46.68
166200,14171.7,46.56
166300,14176.4,46.44
166400,14181,46.32
166500,14185.7,46.2
166600,14190.3,46.08
166700,14194.9,45.96
166800,14199.5,45.84
166900,14204,45.72
167000,14208.6,45.6
167100,14213.2,45.48
167200,14217.7,45.36
167300,14222.2,45.24
167400,14226.7,45.12
167500,14231.3,45
167600,14235.7,44.88
167700,14240.2,44.76
167800,14244.7,44.64
167900,14249.2,44.52
168000,14253.6,44.4
168100,14258,44.28
168200,14262.5,44.16
168300,14266.9,44.04
168400,14271.3,43.92
168500,14275.7,43.8
168600,14280,43.68
168700,14284.4,43.56
168800,14288.7,43.44
168900,14293.1,43.32
169000,14297.4,43.2
169100,14301.7,43.08
169200,14306,42.96
169300,14310.3,42.84
169400,14314.6,42.72
169500,14318.9,42.6
169600,14323.1,42.48
169700,14327.3,42.36
169800,14331.6,42.24
169900,14335.8,42.12
170000,14340,42
170100,14344.2,41.88
170200,14348.4,41.76
170300,14352.5,41.64
170400,14356.7,41.52
170500,14360.9,41.4
170600,14365,41.28
170700,14369.1,41.16
170800,14373.2,41.04
170900,14377.3,40.92
171000,14381.4,40.8
171100,14385.5,40.68
171200,14389.5,40.56
171300,14393.6,40.44
171400,14397.6,40.32
171500,14401.7,40.2
171600,14405.7,40.08
171700,14409.7,39.96
171800,14413.7,39.84
171900,14417.6,39.72
172000,14421.6,39.6
172100,14425.6,39.48
172200,14429.5,39.36
172300,14433.4,39.24
172400,14437.3,39.12
172500,14441.3,39
172600,14445.1,38.88
172700,14449,38.76
172800,14452.9,38.64
172900,14456.8,38.52
173000,14460.6,38.4
173100,14464.4,38.28
173200,14468.3,38.16
173300,14472.1,38.04
173400,14475.9,37.92
173500,14479.7,37.8
173600,14483.4,37.68
173700,14487.2,37.56
173800,14490.9,37.44
173900,14494.7,37.32
174000,14498.4,37.2
174100,14502.1,37.08
174200,14505.8,36.96
174300,14509.5,36.84
174400,14513.2,36.72
174500,14516.9,36.6
174600,14520.5,36.48
174700,14524.1,36.36
174800,14527.8,36.24
174900,14531.4,36.12
175000,14535,36
175100,14538.6,35.88
175200,14542.2,35.76
175300,14545.7,35.64
175400,14549.3,35.52
175500,14552.9,35.4
175600,14556.4,35.28
175700,14559.9,35.16
175800,14563.4,35.04
175900,14566.9,34.92
176000,14570.4,34.8
176100,14573.9,34.68
176200,14577.3,34.56
176300,14580.8,34.44
176400,14584.2,34.32
176500,14587.7,34.2
176600,14591.1,34.08
176700,14594.5,33.96
176800,14597.9,33.84
176900,14601.2,33.72
177000,14604.6,33.6
177100,14608,33.48
177200,14611.3,33.36
177300,14614.6,33.24
177400,14617.9,33.12
177500,14621.3,33
177600,14624.5,32.88
177700,14627.8,32.76
177800,14631.1,32.64
177900,14634.4,32.52
178000,14637.6,32.4
178100,14640.8,32.28
178200,14644.1,32.16
178300,14647.3,32.04
178400,14650.5,31.92
178500,14653.7,31.8
178600,14656.8,31.68
178700,14660,31.56
178800,14663.1,31.44
178900,14666.3,31.32
179000,14669.4,31.2
179100,14672.5,31.08
179200,14675.6,30.96
179300,14678.7,30.84
179400,14681.8,30.72
179500,14684.9,30.6
179600,14687.9,30.48
179700,14690.9,30.36
179800,14694,30.24
179900,14697,30.12
180000,14700,30
180100,14703,29.88
180200,14706,29.76
180300,14708.9,29.64
180400,14711.9,29.52
180500,14714.9,29.4
180600,14717.8,29.28
180700,14720.7,29.16
180800,14723.6,29.04
180900,14726.5,28.92
181000,14729.4,28.8
181100,14732.3,28.68
181200,14735.1,28.56
181300,14738,28.44
181400,14740.8,28.32
181500,14743.7,28.2
181600,14746.5,28.08
181700,14749.3,27.96
181800,14752.1,27.84
181900,14754.8,27.72
182000,14757.6,27.6
182100,14760.4,27.48
182200,14763.1,27.36
182300,14765.8,27.24
182400,14768.5,27.12
182500,14771.3,27
182600,14773.9,26.88
182700,14776.6,26.76
182800,14779.3,26.64
182900,14782,26.52
183000,14784.6,26.4
183100,14787.2,26.28
183200,14789.9,26.16
183300,14792.5,26.04
183400,14795.1,25.92
183500,14797.7,25.8
183600,14800.2,25.68
183700,14802.8,25.56
183800,14805.3,25.44
183900,14807.9,25.32
184000,14810.4,25.2
184100,14812.9,25.08
184200,14815.4,24.96
184300,14817.9,24.84
184400,14820.4,24.72
184500,14822.9,24.6
184600,14825.3,24.48
184700,14827.7,24.36
184800,14830.2,24.24
184900,14832.6,24.12
185000,14835,24
185100,14837.4,23.88
185200,14839.8,23.76
185300,14842.1,23.64
185400,14844.5,23.52
185500,14846.9,23.4
185600,14849.2,23.28
185700,14851.5,23.16
185800,14853.8,23.04
185900,14856.1,22.92
186000,14858.4,22.8
186100,14860.7,22.68
186200,14862.9,22.56
186300,14865.2,22.44
186400,14867.4,22.32
186500,14869.7,22.2
186600,14871.9,22.08
186700,14874.1,21.96
186800,14876.3,21.84
186900,14878.4,21.72
187000,14880.6,21.6
187100,14882.8,21.48
187200,14884.9,21.36
187300,14887,21.24
187400,14889.1,21.12
187500,14891.3,21
187600,14893.3,20.88
187700,14895.4,20.76
187800,14897.5,20.64
187900,14899.6,20.52
188000,14901.6,20.4
188100,14903.6,20.28
188200,14905.7,20.16
188300,14907.7,20.04
188400,14909.7,19.92
188500,14911.7,19.8
188600,14913.6,19.68
188700,14915.6,19.56
188800,14917.5,19.44
188900,14919.5,19.32
189000,14921.4,19.2
189100,14923.3,19.08
189200,14925.2,18.96
189300,14927.1,18.84
189400,14929,18.72
189500,14930.9,18.6
189600,14932.7,18.48
189700,14934.5,18.36
189800,14936.4,18.24
189900,14938.2,18.12
190000,14940,18
190100,14941.8,17.88
190200,14943.6,17.76
190300,14945.3,17.64
190400,14947.1,17.52
190500,14948.9,17.4
190600,14950.6,17.28
190700,14952.3,17.16
190800,14954,17.04
190900,14955.7,16.92
191000,14957.4,16.8
191100,14959.1,16.68
191200,14960.7,16.56
191300,14962.4,16.44
191400,14964,16.32
191500,14965.7,16.2
191600,14967.3,16.08
191700,14968.9,15.96
191800,14970.5,15.84
191900,14972,15.72
192000,14973.6,15.6
192100,14975.2,15.48
192200,14976.7,15.36
192300,14978.2,15.24
192400,14979.7,15.12
192500,14981.3,15
192600,14982.7,14.88
192700,14984.2,14.76
192800,14985.7,14.64
192900,14987.2,14.52
193000,14988.6,14.4
193100,14990,14.28
193200,14991.5,14.16
193300,14992.9,14.04
193400,14994.3,13.92
193500,14995.7,13.8
193600,14997,13.68
193700,14998.4,13.56
193800,14999.7,13.44
193900,15001.1,13.32
194000,15002.4,13.2
194100,15003.7,13.08
194200,15005,12.96
194300,15006.3,12.84
194400,15007.6,12.72
194500,15008.9,12.6
194600,15010.1,12.48
194700,15011.3,12.36
194800,15012.6,12.24
194900,15013.8,12.12
195000,15015,12
195100,15016.2,11.88
195200,15017.4,11.76
195300,15018.5,11.64
195400,15019.7,11.52
195500,15020.9,11.4
195600,15022,11.28
195700,15023.1,11.16
195800,15024.2,11.04
195900,15025.3,10.92
196000,15026.4,10.8
196100,15027.5,10.68
196200,15028.5,10.56
196300,15029.6,10.44
196400,15030.6,10.32
196500,15031.7,10.2
196600,15032.7,10.08
196700,15033.7,9.96
196800,15034.7,9.84
196900,15035.6,9.72
197000,15036.6,9.6
197100,15037.6,9.48
197200,15038.5,9.36
197300,15039.4,9.24
197400,15040.3,9.12
197500,15041.3,9
197600,15042.1,8.88
197700,15043,8.76
197800,15043.9,8.64
197900,15044.8,8.52
198000,15045.6,8.4
198100,15046.4,8.28
198200,15047.3,8.16
198300,15048.1,8.04
198400,15048.9,7.92
198500,15049.7,7.8
198600,15050.4,7.68
198700,15051.2,7.56
198800,15051.9,7.44
198900,15052.7,7.32
199000,15053.4,7.2
199100,15054.1,7.08
199200,15054.8,6.96
199300,15055.5,6.84
199400,15056.2,6.72
199500,15056.9,6.6
199600,15057.5,6.48
199700,15058.1,6.36
199800,15058.8,6.24
199900,15059.4,6.12
200000,15060,6
200100,15060.6,5.88
200200,15061.2,5.76
200300,15061.7,5.64
200400,15062.3,5.52
200500,15062.9,5.4
200600,15063.4,5.28
200700,15063.9,5.16
200800,15064.4,5.04
200900,15064.9,4.92
201000,15065.4,4.8
201100,15065.9,4.68
201200,15066.3,4.56
201300,15066.8,4.44
201400,15067.2,4.32
201500,15067.7,4.2
201600,15068.1,4.08
201700,15068.5,3.96
201800,15068.9,3.84
201900,15069.2,3.72
202000,15069.6,3.6
202100,15070,3.48
202200,15070.3,3.36
202300,15070.6,3.24
202400,15070.9,3.12
202500,15071.3,3
202600,15071.5,2.88
202700,15071.8,2.76
202800,15072.1,2.64
202900,15072.4,2.52
203000,15072.6,2.4
203100,15072.8,2.28
203200,15073.1,2.16
203300,15073.3,2.04
203400,15073.5,1.92
203500,15073.7,1.8
203600,15073.8,1.68
203700,15074,1.56
203800,15074.1,1.44
203900,15074.3,1.32
204000,15074.4,1.2
204100,15074.5,1.08
204200,15074.6,0.96
204300,15074.7,0.84
204400,15074.8,0.72
204500,15074.9,0.6
204600,15074.9,0.48
204700,15074.9,0.36
204800,15075,0.24
204900,15075,0.12
205000,15075,-3.85358e-13
205100,15075,-0.12
205200,15075,-0.24
205300,15074.9,-0.36
205400,15074.9,-0.48
205500,15074.9,-0.6
205600,15074.8,-0.72
205700,15074.7,-0.84
205800,15074.6,-0.96
205900,15074.5,-1.08
206000,15074.4,-1.2
206100,15074.3,-1.32
206200,15074.1,-1.44
206300,15074,-1.56
206400,15073.8,-1.68
206500,15073.7,-1.8
206600,15073.5,-1.92
206700,15073.3,-2.04
206800,15073.1,-2.16
206900,15072.8,-2.28
207000,15072.6,-2.4
207100,15072.4,-2.52
207200,15072.1,-2.64
207300,15071.8,-2.76
207400,15071.5,-2.88
207500,15071.3,-3
207600,15070.9,-3.12
207700,15070.6,-3.24
207800,15070.3,-3.36
207900,15070,-3.48
208000,15069.6,-3.6
208100,15069.2,-3.72
208200,15068.9,-3.84
208300,15068.5,-3.96
208400,15068.1,-4.08
208500,15067.7,-4.2
208600,15067.2,-4.32
208700,15066.8,-4.44
208800,15066.3,-4.56
208900,15065.9,-4.68
209000,15065.4,-4.8
209100,15064.9,-4.92
209200,15064.4,-5.04
209300,15063.9,-5.16
209400,15063.4,-5.28
209500,15062.9,-5.4
209600,15062.3,-5.52
209700,15061.7,-5.64
209800,15061.2,-5.76
209900,15060.6,-5.88
210000,15060,-6
210100,15059.4,-6.12
210200,15058.8,-6.24
210300,15058.1,-6.36
210400,15057.5,-6.48
210500,15056.9,-6.6
210600,15056.2,-6.72
210700,15055.5,-6.84
210800,15054.8,-6.96
210900,15054.1,-7.08
211000,15053.4,-7.2
211100,15052.7,-7.32
211200,15051.9,-7.44
211300,15051.2,-7.56
211400,15050.4,-7.68
211500,15049.7,-7.8
211600,15048.9,-7.92
211700,15048.1,-8.04
211800,15047.3,-8.16
211900,15046.4,-8.28
212000,15045.6,-8.4
212100,15044.8,-8.52
212200,15043.9,-8.64
212300,15043,-8.76
212400,15042.1,-8.88
212500,15041.3,-9
212600,15040.3,-9.12
212700,15039.4,-9.24
212800,15038.5,-9.36
212900,15037.6,-9.48
213000,15036.6,-9.6
213100,15035.6,-9.72
213200,15034.7,-9.84
213300,15033.7,-9.96
213400,15032.7,-10.08
213500,15031.7,-10.2
213600,15030.6,-10.32
213700,15029.6,-10.44
213800,15028.5,-10.56
213900,15027.5,-10.68
214000,15026.4,-10.8
214100,15025.3,-10.92
214200,15024.2,-11.04
214300,15023.1,-11.16
214400,15022,-11.28
214500,15020.9,-11.4
214600,15019.7,-11.52
214700,15018.5,-11.64
214800,15017.4,-11.76
214900,15016.2,-11.88
215000,15015,-12
215100,15013.8,-12.12
215200,15012.6,-12.24
215300,15011.3,-12.36
215400,15010.1,-12.48
215500,15008.9,-12.6
215600,15007.6,-12.72
215700,15006.3,-12.84
215800,15005,-12.96
215900,15003.7,-13.08
216000,15002.4,-13.2
216100,15001.1,-13.32
216200,14999.7,-13.44
216300,14998.4,-13.56
216400,14997,-13.68
216500,14995.7,-13.8
216600,14994.3,-13.92
216700,14992.9,-14.04
216800,14991.5,-14.16
216900,14990,-14.28
217000,14988.6,-14.4
217100,14987.2,-14.52
217200,14985.7,-14.64
217300,14984.2,-14.76
217400,14982.7,-14.88
217500,14981.3,-15
217600,14979.7,-15.12
217700,14978.2,-15.24
217800,14976.7,-15.36
217900,14975.2,-15.48
218000,14973.6,-15.6
218100,14972,-15.72
218200,14970.5,-15.84
218300,14968.9,-15.96
218400,14967.3,-16.08
218500,14965.7,-16.2
218600,14964,-16.32
218700,14962.4,-16.44
218800,14960.7,-16.56
218900,14959.1,-16.68
219000,14957.4,-16.8
219100,14955.7,-16.92
219200,14954,-17.04
219300,14952.3,-17.16
219400,14950.6,-17.28
219500,14948.9,-17.4
219600,14947.1,-17.52
219700,14945.3,-17.64
219800,14943.6,-17.76
219900,14941.8,-17.88
220000,14940,-18
220100,14938.2,-18.12
220200,14936.4,-18.24
220300,14934.5,-18.36
220400,14932.7,-18.48
220500,14930.9,-18.6
220600,14929,-18.72
220700,14927.1,-18.84
220800,14925.2,-18.96
220900,14923.3,-19.08
221000,14921.4,-19.2
221100,14919.5,-19.32
221200,14917.5,-19.44
221300,14915.6,-19.56
221400,14913.6,-19.68
221500,14911.7,-19.8
221600,14909.7,-19.92
221700,14907.7,-20.04
221800,14905.7,-20.16
221900,14903.6,-20.28
222000,14901.6,-20.4
222100,14899.6,-20.52
222200,14897.5,-20.64
222300,14895.4,-20.76
222400,14893.3,-20.88
222500,14891.3,-21
222600,14889.1,-21.12
222700,14887,-21.24
222800,14884.9,-21.36
222900,14882.8,-21.48
223000,14880.6,-21.6
223100,14878.4,-21.72
223200,14876.3,-21.84
223300,14874.1,-21.96
223400,14871.9,-22.08
223500,14869.7,-22.2
223600,14867.4,-22.32
223700,14865.2,-22.44
223800,14862.9,-22.56
223900,14860.7,-22.68
224000,14858.4,-22.8
224100,14856.1,-22.92
224200,14853.8,-23.04
224300,14851.5,-23.16
224400,14849.2,-23.28
224500,14846.9,-23.4
224600,14844.5,-23.52
224700,14842.1,-23.64
224800,14839.8,-23.76
224900,14837.4,-23.88
225000,14835,-24
225100,14832.6,-24.12
225200,14830.2,-24.24
225300,14827.7,-24.36
225400,14825.3,-24.48
225500,14822.9,-24.6
225600,14820.4,-24.72
225700,14817.9,-24.84
225800,14815.4,-24.96
225900,14812.9,-25.08
226000,14810.4,-25.2
226100,14807.9,-25.32
226200,14805.3,-25.44
226300,14802.8,-25.56
226400,14800.2,-25.68
226500,14797.7,-25.8
226600,14795.1,-25.92
226700,14792.5,-26.04
226800,14789.9,-26.16
226900,14787.2,-26.28
227000,14784.6,-26.4
227100,14782,-26.52
227200,14779.3,-26.64
227300,14776.6,-26.76
227400,14773.9,-26.88
227500,14771.3,-27
227600,14768.5,-27.12
227700,14765.8,-27.24
227800,14763.1,-27.36
227900,14760.4,-27.48
228000,14757.6,-27.6
228100,14754.8,-27.72
228200,14752.1,-27.84
228300,14749.3,-27.96
228400,14746.5,-28.08
228500,14743.7,-28.2
228600,14740.8,-28.32
228700,14738,-28.44
228800,14735.1,-28.56
228900,14732.3,-28.68
229000,14729.4,-28.8
229100,14726.5,-28.92
229200,14723.6,-29.04
229300,14720.7,-29.16
229400,14717.8,-29.28
229500,14714.9,-29.4
229600,14711.9,-29.52
229700,14708.9,-29.64
229800,14706,-29.76
229900,14703,-29.88
230000,14700,-30
230100,14697,-30.12
230200,14694,-30.24
230300,14690.9,-30.36
230400,14687.9,-30.48
230500,14684.9,-30.6
230600,14681.8,0
230700,14681.8,0
230800,14681.8,0
230900,14681.8,0
231000,14681.8,0
231100,14681.8,0
231200,14681.7,0
231300,14681.7,0
231400,14681.7,0
231500,14681.7,0
231600,14681.7,0
231700,14681.7,0
231800,14681.7,0
231900,14681.7,0
232000,14681.7,0
232100,14681.7,0
232200,14681.7,0
232300,14681.7,0
232400,14681.7,0
232500,14681.7,0
232600,14681.7,0
232700,14681.7,0
232800,14681.7,0
232900,14681.6,0
233000,14681.6,0
233100,14681.6,0
233200,14681.6,0
233300,14681.6,0
233400,14681.6,0
233500,14681.6,0
233600,14681.6,0
233700,14681.6,0
233800,14681.6,0
233900,14681.6,0
234000,14681.6,0
234100,14681.6,0
234200,14681.6,0
234300,14681.6,0
234400,14681.6,0
234500,14681.6,0
234600,14681.5,0
234700,14681.5,0
234800,14681.5,0
234900,14681.5,0
235000,14681.5,0
235100,14681.5,0
235200,14681.5,0
235300,14681.5,0
235400,14681.5,0
235500,14681.5,0
235600,14681.5,0
235700,14681.5,0
235800,14681.5,0
235900,14681.5,0
236000,14681.5,0
236100,14681.5,0
236200,14681.4,0
236300,14681.4,0
236400,14681.4,0
236500,14681.4,0
236600,14681.4,0
236700,14681.4,0
236800,14681.4,0
236900,14681.4,0
237000,14681.4,0
237100,14681.4,0
237200,14681.4,0
237300,14681.4,0
237400,14681.4,0
237500,14681.4,0
237600,14681.4,0
237700,14681.4,0
237800,14681.4,0
237900,14681.3,0
238000,14681.3,0
238100,14681.3,0
238200,14681.3,0
238300,14681.3,0
238400,14681.3,0
238500,14681.3,0
238600,14681.3,0
238700,14681.3,0
238800,14681.3,0
238900,14681.3,0
239000,14681.3,0
239100,14681.3,0
239200,14681.3,0
239300,14681.3,0
239400,14681.3,0
239500,14681.3,0
239600,14681.2,0
239700,14681.2,0
239800,14681.2,0
239900,14681.2,0
240000,14681.2,0
240100,14681.2,0
240200,14681.2,0
240300,14681.2,0
240400,14681.2,0
240500,14681.2,0
240600,14681.2,0
240700,14681.2,0
240800,14681.2,0
240900,14681.2,0
241000,14681.2,0
241100,14681.2,0
241200,14681.1,0
241300,14681.1,0
241400,14681.1,0
241500,14681.1,0
241600,14681.1,0
241700,14681.1,0
241800,14681.1,0
241900,14681.1,0
242000,14681.1,0
242100,14681.1,0
242200,14681.1,0
242300,14681.1,0
242400,14681.1,0
242500,14681.1,0
242600,14681.1,0
242700,14681.1,0
242800,14681.1,0
242900,14681,0
243000,14681,0
243100,14681,0
243200,14681,0
243300,14681,0
243400,14681,0
243500,14681,0
243600,14681,0
243700,14681,0
243800,14681,0
243900,14681,0
244000,14681,0
244100,14681,0
244200,14681,0
244300,14681,0
244400,14681,0
244500,14681,0
244600,14680.9,0
244700,14680.9,0
244800,14680.9,0
244900,14680.9,0
245000,14680.9,0
245100,14680.9,0
245200,14680.9,0
245300,14680.9,0
245400,14680.9,0
245500,14680.9,0
245600,14680.9,0
245700,14680.9,0
245800,14680.9,0
245900,14680.9,0
246000,14680.9,0
246100,14680.9,0
246200,14680.8,0
246300,14680.8,0
246400,14680.8,0
246500,14680.8,0
246600,14680.8,0
246700,14680.8,0
246800,14680.8,0
246900,14680.8,0
247000,14680.8,0
247100,14680.8,0
247200,14680.8,0
247300,14680.8,0
247400,14680.8,0
247500,14680.8,0
247600,14680.8,0
247700,14680.8,0
247800,14680.8,0
247900,14680.7,0
248000,14680.7,0
248100,14680.7,0
248200,14680.7,0
248300,14680.7,0
248400,14680.7,0
248500,14680.7,0
248600,14680.7,0
248700,14680.7,0
248800,14680.7,0
248900,14680.7,0
249000,14680.7,0
249100,14680.7,0
249200,14680.7,0
249300,14680.7,0
249400,14680.7,0
249500,14680.7,0
249600,14680.6,0
249700,14680.6,0
249800,14680.6,0
249900,14680.6,0
250000,14680.6,0
250100,14680.6,0
250200,14680.6,0
250300,14680.6,0
250400,14680.6,0
250500,14680.6,0
250600,14680.6,0
250700,14680.6,0
250800,14680.6,0
250900,14680.6,0
251000,14680.6,0
251100,14680.6,0
251200,14680.5,0
251300,14680.5,0
251400,14680.5,0
251500,14680.5,0
251600,14680.5,0
251700,14680.5,0
251800,14680.5,0
251900,14680.5,0
252000,14680.5,0
252100,14680.5,0
252200,14680.5,0
252300,14680.5,0
252400,14680.5,0
252500,14680.5,0
252600,14680.5,0
252700,14680.5,0
252800,14680.5,0
252900,14680.4,0
253000,14680.4,0
253100,14680.4,0
253200,14680.4,0
253300,14680.4,0
253400,14680.4,0
253500,14680.4,0
253600,14680.4,0
253700,14680.4,0
253800,14680.4,0
253900,14680.4,0
254000,14680.4,0
254100,14680.4,0
254200,14680.4,0
254300,14680.4,0
254400,14680.4,0
254500,14680.4,0
254600,14680.3,0
254700,14680.3,0
254800,14680.3,0
254900,14680.3,0
255000,14680.3,0
255100,14680.3,0
255200,14680.3,0
255300,14680.3,0
255400,14680.3,0
255500,14680.3,0
255600,14680.3,0
255700,14680.3,0
255800,14680.3,0
255900,14680.3,0
256000,14680.3,0
256100,14680.3,0
256200,14680.2,0
256300,14680.2,0
256400,14680.2,0
256500,14680.2,0
256600,14680.2,0
256700,14680.2,0
256800,14680.2,0
256900,14680.2,0
257000,14680.2,0
257100,14680.2,0
257200,14680.2,0
257300,14680.2,0
257400,14680.2,0
257500,14680.2,0
257600,14680.2,0
257700,14680.2,0
257800,14680.2,0
257900,14680.1,0
258000,14680.1,0
258100,14680.1,0
258200,14680.1,0
258300,14680.1,0
258400,14680.1,0
258500,14680.1,0
258600,14680.1,0
258700,14680.1,0
258800,14680.1,0
258900,14680.1,0
259000,14680.1,0
259100,14680.1,0
259200,14680.1,0
259300,14680.1,0
259400,14680.1,0
259500,14680.1,0
259600,14680,0
259700,14680,0
259800,14680,0
259900,14680,0
260000,14680,0
260100,14680,0
260200,14680,0
260300,14680,0
260400,14680,0
260500,14680,0
260600,14680,0
260700,14680,0
260800,14680,0
260900,14680,0
261000,14680,0
261100,14680,0
261200,14679.9,0
261300,14679.9,0
261400,14679.9,0
261500,14679.9,0
261600,14679.9,0
261700,14679.9,0
261800,14679.9,0
261900,14679.9,0
262000,14679.9,0
262100,14679.9,0
262200,14679.9,0
262300,14679.9,0
262400,14679.9,0
262500,14679.9,0
262600,14679.9,0
262700,14679.9,0
262800,14679.9,0
262900,14679.8,0
263000,14679.8,0
263100,14679.8,0
263200,14679.8,0
263300,14679.8,0
263400,14679.8,0
263500,14679.8,0
263600,14679.8,0
263700,14679.8,0
263800,14679.8,0
263900,14679.8,0
264000,14679.8,0
264100,14679.8,0
264200,14679.8,0
264300,14679.8,0
264400,14679.8,0
264500,14679.8,0
264600,14679.7,0
264700,14679.7,0
264800,14679.7,0
264900,14679.7,0
265000,14679.7,0
265100,14679.7,0
265200,14679.7,0
265300,14679.7,0
265400,14679.7,0
265500,14679.7,0
265600,14679.7,0
265700,14679.7,0
265800,14679.7,0
265900,14679.7,0
266000,14679.7,0
266100,14679.7,0
266200,14679.6,0
266300,14679.6,0
266400,14679.6,0
266500,14679.6,0
266600,14679.6,0
266700,14679.6,0
266800,14679.6,0
266900,14679.6,0
267000,14679.6,0
267100,14679.6,0
267200,14679.6,0
267300,14679.6,0
267400,14679.6,0
267500,14679.6,0
267600,14679.6,0
267700,14679.6,0
267800,14679.6,0
267900,14679.5,0
268000,14679.5,0
268100,14679.5,0
268200,14679.5,0
268300,14679.5,0
268400,14679.5,0
268500,14679.5,0
268600,14679.5,0
268700,14679.5,0
268800,14679.5,0
268900,14679.5,0
269000,14679.5,0
269100,14679.5,0
269200,14679.5,0
269300,14679.5,0
269400,14679.5,0
269500,14679.5,0
269600,14679.4,0
269700,14679.4,0
269800,14679.4,0
269900,14679.4,0
270000,14679.4,0
270100,14679.4,0
270200,14679.4,0
270300,14679.4,0
270400,14679.4,0
270500,14679.4,0
270600,14679.4,0
270700,14679.4,0
270800,14679.4,0
270900,14679.4,0
271000,14679.4,0
271100,14679.4,0
271200,14679.3,0
271300,14679.3,0
271400,14679.3,0
271500,14679.3,0
271600,14679.3,0
271700,14679.3,0
271800,14679.3,0
271900,14679.3,0
272000,14679.3,0
272100,14679.3,0
272200,14679.3,0
272300,14679.3,0
272400,14679.3,0
272500,14679.3,0
272600,14679.3,0
272700,14679.3,0
272800,14679.3,0
272900,14679.2,0
273000,14679.2,0
273100,14679.2,0
273200,14679.2,0
273300,14679.2,0
273400,14679.2,0
273500,14679.2,0
273600,14679.2,0
273700,14679.2,0
273800,14679.2,0
273900,14679.2,0
274000,14679.2,0
274100,14679.2,0
274200,14679.2,0
274300,14679.2,0
274400,14679.2,0
274500,14679.2,0
274600,14679.1,0
274700,14679.1,0
274800,14679.1,0
274900,14679.1,0
275000,14679.1,0
275100,14679.1,0
275200,14679.1,0
275300,14679.1,0
275400,14679.1,0
275500,14679.1,0
275600,14679.1,0
275700,14679.1,0
275800,14679.1,0
275900,14679.1,0
276000,14679.1,0
276100,14679.1,0
276200,14679,0
276300,14679,0
276400,14679,0
276500,14679,0
276600,14679,0
276700,14679,0
276800,14679,0
276900,14679,0
277000,14679,0
277100,14679,0
277200,14679,0
277300,14679,0
277400,14679,0
277500,14679,0
277600,14679,0
277700,14679,0
277800,14679,0
277900,14678.9,0
278000,14678.9,0
278100,14678.9,0
278200,14678.9,0
278300,14678.9,0
278400,14678.9,0
278500,14678.9,0
278600,14678.9,0
278700,14678.9,0
278800,14678.9,0
278900,14678.9,0
279000,14678.9,0
279100,14678.9,0
279200,14678.9,0
279300,14678.9,0
279400,14678.9,0
279500,14678.9,0
279600,14678.8,0
279700,14678.8,0
279800,14678.8,0
279900,14678.8,0
280000,14678.8,0
280100,14678.8,0
280200,14678.8,0
280300,14678.8,0
280400,14678.8,0
280500,14678.8,0
280600,14678.8,0
280700,14678.8,0
280800,14678.8,0
280900,14678.8,0
281000,14678.8,0
281100,14678.8,0
281200,14678.7,0
281300,14678.7,0
281400,14678.7,0
281500,14678.7,0
281600,14678.7,0
281700,14678.7,0
281800,14678.7,0
281900,14678.7,0
282000,14678.7,0
282100,14678.7,0
282200,14678.7,0
282300,14678.7,0
282400,14678.7,0
282500,14678.7,0
282600,14678.7,0
282700,14678.7,0
282800,14678.7,0
282900,14678.6,0
283000,14678.6,0
283100,14678.6,0
283200,14678.6,0
283300,14678.6,0
283400,14678.6,0
283500,14678.6,0
283600,14678.6,0
283700,14678.6,0
283800,14678.6,0
283900,14678.6,0
284000,14678.6,0
284100,14678.6,0
284200,14678.6,0
284300,14678.6,0
284400,14678.6,0
284500,14678.6,0
284600,14678.5,0
284700,14678.5,0
284800,14678.5,0
284900,14678.5,0
285000,14678.5,0
285100,14678.5,0
285200,14678.5,0
285300,14678.5,0
285400,14678.5,0
285500,14678.5,0
285600,14678.5,0
285700,14678.5,0
285800,14678.5,0
285900,14678.5,0
286000,14678.5,0
286100,14678.5,0
286200,14678.4,0
286300,14678.4,0
286400,14678.4,0
286500,14678.4,0
286600,14678.4,0
286700,14678.4,0
286800,14678.4,0
286900,14678.4,0
287000,14678.4,0
287100,14678.4,0
287200,14678.4,0
287300,14678.4,0
287400,14678.4,0
287500,14678.4,0
287600,14678.4,0
287700,14678.4,0
287800,14678.4,0
287900,14678.3,0
288000,14678.3,0
288100,14678.3,0
288200,14678.3,0
288300,14678.3,0
288400,14678.3,0
288500,14678.3,0
288600,14678.3,0
288700,14678.3,0
288800,14678.3,0
288900,14678.3,0
289000,14678.3,0
289100,14678.3,0
289200,14678.3,0
289300,14678.3,0
289400,14678.3,0
289500,14678.3,0
289600,14678.2,0
289700,14678.2,0
289800,14678.2,0
289900,14678.2,0
290000,14678.2,0
290100,14678.2,0
290200,14678.2,0
290300,14678.2,0
290400,14678.2,0
290500,14678.2,0
290600,14678.2,0
290700,14678.2,0
290800,14678.2,0
290900,14678.2,0
291000,14678.2,0
291100,14678.2,0
291200,14678.1,0
291300,14678.1,0
291400,14678.1,0
291500,14678.1,0
291600,14678.1,0
291700,14678.1,0
291800,14678.1,0
291900,14678.1,0
292000,14678.1,0
292100,14678.1,0
292200,14678.1,0
292300,14678.1,0
292400,14678.1,0
292500,14678.1,0
292600,14678.1,0
292700,14678.1,0
292800,14678.1,0
292900,14678,0
293000,14678,0
293100,14678,0
293200,14678,0
293300,14678,0
293400,14678,0
293500,14678,0
293600,14678,0
293700,14678,0
293800,14678,0
293900,14678,0
294000,14678,0
294100,14678,0
294200,14678,0
294300,14678,0
294400,14678,0
294500,14678,0
294600,14677.9,0
294700,14677.9,0
294800,14677.9,0
294900,14677.9,0
295000,14677.9,0
295100,14677.9,0
295200,14677.9,0
295300,14677.9,0
295400,14677.9,0
295500,14677.9,0
295600,14677.9,0
295700,14677.9,0
295800,14677.9,0
295900,14677.9,0
296000,14677.9,0
296100,14677.9,0
296200,14677.8,0
296300,14677.8,0
296400,14677.8,0
296500,14677.8,0
296600,14677.8,0
296700,14677.8,0
296800,14677.8,0
296900,14677.8,0
297000,14677.8,0
297100,14677.8,0
297200,14677.8,0
297300,14677.8,0
297400,14677.8,0
297500,14677.8,0
297600,14677.8,0
297700,14677.8,0
297800,14677.8,0
297900,14677.7,0
298000,14677.7,0
298100,14677.7,0
298200,14677.7,0
298300,14677.7,0
298400,14677.7,0
298500,14677.7,0
298600,14677.7,0
298700,14677.7,0
298800,14677.7,0
298900,14677.7,0
299000,14677.7,0
299100,14677.7,0
299200,14677.7,0
299300,14677.7,0
299400,14677.7,0
299500,14677.7,0
299600,14677.6,0
299700,14677.6,0
299800,14677.6,0
299900,14677.6,0
300000,14677.6,0
300100,14677.6,0
300200,14677.6,0
300300,14677.6,0
300400,14677.6,0
300500,14677.6,0
300600,14677.6,0
300700,14677.6,0
300800,14677.6,0
300900,14677.6,0
301000,14677.6,0
301100,14677.6,0
301200,14677.5,0
301300,14677.5,0
301400,14677.5,0
301500,14677.5,0
301600,14677.5,0
301700,14677.5,0
301800,14677.5,0
301900,14677.5,0
302000,14677.5,0
302100,14677.5,0
302200,14677.5,0
302300,14677.5,0
302400,14677.5,0
302500,14677.5,0
302600,14677.5,0
302700,14677.5,0
302800,14677.5,0
302900,14677.4,0
303000,14677.4,0
303100,14677.4,0
303200,14677.4,0
303300,14677.4,0
303400,14677.4,0
303500,14677.4,0
303600,14677.4,0
303700,14677.4,0
303800,14677.4,0
303900,14677.4,0
304000,14677.4,0
304100,14677.4,0
304200,14677.4,0
304300,14677.4,0
304400,14677.4,0
304500,14677.4,0
304600,14677.3,0
304700,14677.3,0
304800,14677.3,0
304900,14677.3,0
305000,14677.3,0
305100,14677.3,0
305200,14677.3,0
305300,14677.3,0
305400,14677.3,0
305500,14677.3,0
305600,14677.3,0
305700,14677.3,0
305800,14677.3,0
305900,14677.3,0
306000,14677.3,0
306100,14677.3,0
306200,14677.2,0
306300,14677.2,0
306400,14677.2,0
306500,14677.2,0
306600,14677.2,0
306700,14677.2,0
306800,14677.2,0
306900,14677.2,0
307000,14677.2,0
307100,14677.2,0
307200,14677.2,0
307300,14677.2,0
307400,14677.2,0
307500,14677.2,0
307600,14677.2,0
307700,14677.2,0
307800,14677.2,0
307900,14677.1,0
308000,14677.1,0
308100,14677.1,0
308200,14677.1,0
308300,14677.1,0
308400,14677.1,0
308500,14677.1,0
308600,14677.1,0
308700,14677.1,0
308800,14677.1,0
308900,14677.1,0
309000,14677.1,0
309100,14677.1,0
309200,14677.1,0
309300,14677.1,0
309400,14677.1,0
309500,14677.1,0
309600,14677,0
309700,14677,0
309800,14677,0
309900,14677,0
310000,14677,0
310100,14677,0
310200,14677,0
310300,14677,0
310400,14677,0
310500,14677,0
310600,14677,0
310700,14677,0
310800,14677,0
310900,14677,0
311000,14677,0
311100,14677,0
311200,14676.9,0
311300,14676.9,0
311400,14676.9,0
311500,14676.9,0
311600,14676.9,0
311700,14676.9,0
311800,14676.9,0
311900,14676.9,0
312000,14676.9,0
312100,14676.9,0
312200,14676.9,0
312300,14676.9,0
312400,14676.9,0
312500,14676.9,0
312600,14676.9,0
312700,14676.9,0
312800,14676.9,0
312900,14676.8,0
313000,14676.8,0
313100,14676.8,0
313200,14676.8,0
313300,14676.8,0
313400,14676.8,0
313500,14676.8,0
313600,14676.8,0
313700,14676.8,0
313800,14676.8,0
313900,14676.8,0
314000,14676.8,0
314100,14676.8,0
314200,14676.8,0
314300,14676.8,0
314400,14676.8,0
314500,14676.8,0
314600,14676.7,0
314700,14676.7,0
314800,14676.7,0
314900,14676.7,0
315000,14676.7,0
315100,14676.7,0
315200,14676.7,0
315300,14676.7,0
315400,14676.7,0
315500,14676.7,0
315600,14676.7,0
315700,14676.7,0
315800,14676.7,0
315900,14676.7,0
316000,14676.7,0
316100,14676.7,0
316200,14676.6,0
316300,14676.6,0
316400,14676.6,0
316500,14676.6,0
316600,14676.6,0
316700,14676.6,0
316800,14676.6,0
316900,14676.6,0
317000,14676.6,0
317100,14676.6,0
317200,14676.6,0
317300,14676.6,0
317400,14676.6,0
317500,14676.6,0
317600,14676.6,0
317700,14676.6,0
317800,14676.6,0
317900,14676.5,0
318000,14676.5,0
318100,14676.5,0
318200,14676.5,0
318300,14676.5,0
318400,14676.5,0
318500,14676.5,0
318600,14676.5,0
318700,14676.5,0
318800,14676.5,0
318900,14676.5,0
319000,14676.5,0
319100,14676.5,0
319200,14676.5,0
319300,14676.5,0
319400,14676.5,0
319500,14676.5,0
319600,14676.4,0
319700,14676.4,0
319800,14676.4,0
319900,14676.4,0
320000,14676.4,0
320100,14676.4,0
320200,14676.4,0
320300,14676.4,0
320400,14676.4,0
320500,14676.4,0
320600,14676.4,0
320700,14676.4,0
320800,14676.4,0
320900,14676.4,0
321000,14676.4,0
321100,14676.4,0
321200,14676.3,0
321300,14676.3,0
321400,14676.3,0
321500,14676.3,0
321600,14676.3,0
321700,14676.3,0
321800,14676.3,0
321900,14676.3,0
322000,14676.3,0
322100,14676.3,0
322200,14676.3,0
322300,14676.3,0
322400,14676.3,0
322500,14676.3,0
322600,14676.3,0
322700,14676.3,0
322800,14676.3,0
322900,14676.2,0
323000,14676.2,0
323100,14676.2,0
323200,14676.2,0
323300,14676.2,0
323400,14676.2,0
323500,14676.2,0
323600,14676.2,0
323700,14676.2,0
323800,14676.2,0
323900,14676.2,0
324000,14676.2,0
324100,14676.2,0
324200,14676.2,0
324300,14676.2,0
324400,14676.2,0
324500,14676.2,0
324600,14676.1,0
324700,14676.1,0
324800,14676.1,0
324900,14676.1,0
325000,14676.1,0
325100,14676.1,0
325200,14676.1,0
325300,14676.1,0
325400,14676.1,0
325500,14676.1,0
325600,14676.1,0
325700,14676.1,0
325800,14676.1,0
325900,14676.1,0
326000,14676.1,0
326100,14676.1,0
326200,14676,0
326300,14676,0
326400,14676,0
326500,14676,0
326600,14676,0
326700,14676,0
326800,14676,0
326900,14676,0
327000,14676,0
327100,14676,0
327200,14676,0
327300,14676,0
327400,14676,0
327500,14676,0
327600,14676,0
327700,14676,0
327800,14676,0
327900,14675.9,0
328000,14675.9,0
328100,14675.9,0
328200,14675.9,0
328300,14675.9,0
328400,14675.9,0
328500,14675.9,0
328600,14675.9,0
328700,14675.9,0
328800,14675.9,0
328900,14675.9,0
329000,14675.9,0
329100,14675.9,0
329200,14675.9,0
329300,14675.9,0
329400,14675.9,0
329500,14675.9,0
329600,14675.8,0
329700,14675.8,0
329800,14675.8,0
329900,14675.8,0
330000,14675.8,0
330100,14675.8,0
330200,14675.8,0
330300,14675.8,0
330400,14675.8,0
330500,14675.8,0
330600,14675.8,0
330700,14675.8,0
330800,14675.8,0
330900,14675.8,0
331000,14675.8,0
331100,14675.8,0
331200,14675.7,0
331300,14675.7,0
331400,14675.7,0
331500,14675.7,0
331600,14675.7,0
331700,14675.7,0
331800,14675.7,0
331900,14675.7,0
332000,14675.7,0
332100,14675.7,0
332200,14675.7,0
332300,14675.7,0
332400,14675.7,0
332500,14675.7,0
332600,14675.7,0
332700,14675.7,0
332800,14675.7,0
332900,14675.6,0
333000,14675.6,0
333100,14675.6,0
333200,14675.6,0
333300,14675.6,0
333400,14675.6,0
333500,14675.6,0
333600,14675.6,0
333700,14675.6,0
333800,14675.6,0
333900,14675.6,0
334000,14675.6,0
334100,14675.6,0
334200,14675.6,0
334300,14675.6,0
334400,14675.6,0
334500,14675.6,0
334600,14675.5,0
334700,14675.5,0
334800,14675.5,0
334900,14675.5,0
335000,14675.5,0
335100,14675.5,0
335200,14675.5,0
335300,14675.5,0
335400,14675.5,0
335500,14675.5,0
335600,14675.5,0
335700,14675.5,0
335800,14675.5,0
335900,14675.5,0
336000,14675.5,0
336100,14675.5,0
336200,14675.4,0
336300,14675.4,0
336400,14675.4,0
336500,14675.4,0
336600,14675.4,0
336700,14675.4,0
336800,14675.4,0
336900,14675.4,0
337000,14675.4,0
337100,14675.4,0
337200,14675.4,0
337300,14675.4,0
337400,14675.4,0
337500,14675.4,0
337600,14675.4,0
337700,14675.4,0
337800,14675.4,0
337900,14675.3,0
338000,14675.3,0
338100,14675.3,0
338200,14675.3,0
338300,14675.3,0
338400,14675.3,0
338500,14675.3,0
338600,14675.3,0
338700,14675.3,0
338800,14675.3,0
338900,14675.3,0
339000,14675.3,0
339100,14675.3,0
339200,14675.3,0
339300,14675.3,0
339400,14675.3,0
339500,14675.3,0
339600,14675.2,0
339700,14675.2,0
339800,14675.2,0
339900,14675.2,0
340000,14675.2,0
340100,14675.2,0
340200,14675.2,0
340300,14675.2,0
340400,14675.2,0
340500,14675.2,0
340600,14675.2,0
340700,14675.2,0
340800,14675.2,0
340900,14675.2,0
341000,14675.2,0
341100,14675.2,0
341200,14675.1,0
341300,14675.1,0
341400,14675.1,0
341500,14675.1,0
341600,14675.1,0
341700,14675.1,0
341800,14675.1,0
341900,14675.1,0
342000,14675.1,0
342100,14675.1,0
342200,14675.1,0
342300,14675.1,0
342400,14675.1,0
342500,14675.1,0
342600,14675.1,0
342700,14675.1,0
342800,14675.1,0
342900,14675,0
343000,14675,0
343100,14675,0
343200,14675,0
343300,14675,0
343400,14675,0
343500,14675,0
343600,14675,0
343700,14675,0
343800,14675,0
343900,14675,0
344000,14675,0
344100,14675,0
344200,14675,0
344300,14675,0
344400,14675,0
344500,14675,0
344600,14674.9,0
344700,14674.9,0
344800,14674.9,0
344900,14674.9,0
345000,14674.9,0
345100,14674.9,0
345200,14674.9,0
345300,14674.9,0
345400,14674.9,0
345500,14674.9,0
345600,14674.9,0
345700,14674.9,0
345800,14674.9,0
345900,14674.9,0
346000,14674.9,0
346100,14674.9,0
346200,14674.8,0
346300,14674.8,0
346400,14674.8,0
346500,14674.8,0
346600,14674.8,0
346700,14674.8,0
346800,14674.8,0
346900,14674.8,0
347000,14674.8,0
347100,14674.8,0
347200,14674.8,0
347300,14674.8,0
347400,14674.8,0
347500,14674.8,0
347600,14674.8,0
347700,14674.8,0
347800,14674.8,0
347900,14674.7,0
348000,14674.7,0
348100,14674.7,0
348200,14674.7,0
348300,14674.7,0
348400,14674.7,0
348500,14674.7,0
348600,14674.7,0
348700,14674.7,0
348800,14674.7,0
348900,14674.7,0
349000,14674.7,0
349100,14674.7,0
349200,14674.7,0
349300,14674.7,0
349400,14674.7,0
349500,14674.7,0
349600,14674.6,0
349700,14674.6,0
349800,14674.6,0
349900,14674.6,0
350000,14674.6,0
350100,14674.6,0
350200,14674.6,0
350300,14674.6,0
350400,14674.6,0
350500,14674.6,0
350600,14674.6,0
350700,14674.6,0
350800,14674.6,0
350900,14674.6,0
351000,14674.6,0
351100,14674.6,0
351200,14674.5,0
351300,14674.5,0
351400,14674.5,0
351500,14674.5,0
351600,14674.5,0
351700,14674.5,0
351800,14674.5,0
351900,14674.5,0
352000,14674.5,0
352100,14674.5,0
352200,14674.5,0
352300,14674.5,0
352400,14674.5,0
352500,14674.5,0
352600,14674.5,0
352700,14674.5,0
352800,14674.5,0
352900,14674.4,0
353000,14674.4,0
353100,14674.4,0
353200,14674.4,0
353300,14674.4,0
353400,14674.4,0
353500,14674.4,0
353600,14674.4,0
353700,14674.4,0
353800,14674.4,0
353900,14674.4,0
354000,14674.4,0
354100,14674.4,0
354200,14674.4,0
354300,14674.4,0
354400,14674.4,0
354500,14674.4,0
354600,14674.3,0
354700,14674.3,0
354800,14674.3,0
354900,14674.3,0
355000,14674.3,0
355100,14674.3,0
355200,14674.3,0
355300,14674.3,0
355400,14674.3,0
355500,14674.3,0
355600,14674.3,0
355700,14674.3,0
355800,14674.3,0
355900,14674.3,0
356000,14674.3,0
356100,14674.3,0
356200,14674.2,0
356300,14674.2,0
356400,14674.2,0
356500,14674.2,0
356600,14674.2,0
356700,14674.2,0
356800,14674.2,0
356900,14674.2,0
357000,14674.2,0
357100,14674.2,0
357200,14674.2,0
357300,14674.2,0
357400,14674.2,0
357500,14674.2,0
357600,14674.2,0
357700,14674.2,0
357800,14674.2,0
357900,14674.1,0
358000,14674.1,0
358100,14674.1,0
358200,14674.1,0
358300,14674.1,0
358400,14674.1,0
358500,14674.1,0
358600,14674.1,0
358700,14674.1,0
358800,14674.1,0
358900,14674.1,0
359000,14674.1,0
359100,14674.1,0
359200,14674.1,0
359300,14674.1,0
359400,14674.1,0
359500,14674.1,0
359600,14674,0
359700,14674,0
359800,14674,0
359900,14674,0
360000,14674,0
360100,14674,0
360200,14674,0
360300,14674,0
360400,14674,0
360500,14674,0
360600,14674,0
360700,14674,0
360800,14674,0
360900,14674,0
361000,14674,0
361100,14674,0
361200,14673.9,0
361300,14673.9,0
361400,14673.9,0
361500,14673.9,0
361600,14673.9,0
361700,14673.9,0
361800,14673.9,0
361900,14673.9,0
362000,14673.9,0
362100,14673.9,0
362200,14673.9,0
362300,14673.9,0
362400,14673.9,0
362500,14673.9,0
362600,14673.9,0
362700,14673.9,0
362800,14673.9,0
362900,14673.8,0
363000,14673.8,0
363100,14673.8,0
363200,14673.8,0
363300,14673.8,0
363400,14673.8,0
363500,14673.8,0
363600,14673.8,0
363700,14673.8,0
363800,14673.8,0
363900,14673.8,0
364000,14673.8,0
364100,14673.8,0
364200,14673.8,0
364300,14673.8,0
364400,14673.8,0
364500,14673.8,0
364600,14673.7,0
364700,14673.7,0
364800,14673.7,0
364900,14673.7,0
365000,14673.7,0
365100,14673.7,0
365200,14673.7,0
365300,14673.7,0
365400,14673.7,0
365500,14673.7,0
365600,14673.7,0
365700,14673.7,0
365800,14673.7,0
365900,14673.7,0
366000,14673.7,0
366100,14673.7,0
366200,14673.6,0
366300,14673.6,0
366400,14673.6,0
366500,14673.6,0
366600,14673.6,0
366700,14673.6,0
366800,14673.6,0
366900,14673.6,0
367000,14673.6,0
367100,14673.6,0
367200,14673.6,0
367300,14673.6,0
367400,14673.6,0
367500,14673.6,0
367600,14673.6,0
367700,14673.6,0
367800,14673.6,0
367900,14673.5,0
368000,14673.5,0
368100,14673.5,0
368200,14673.5,0
368300,14673.5,0
368400,14673.5,0
368500,14673.5,0
368600,14673.5,0
368700,14673.5,0
368800,14673.5,0
368900,14673.5,0
369000,14673.5,0
369100,14673.5,0
369200,14673.5,0
369300,14673.5,0
369400,14673.5,0
369500,14673.5,0
369600,14673.4,0
369700,14673.4,0
369800,14673.4,0
369900,14673.4,0
370000,14673.4,0
370100,14673.4,0
370200,14673.4,0
370300,14673.4,0
370400,14673.4,0
370500,14673.4,0
370600,14673.4,0
370700,14673.4,0
370800,14673.4,0
370900,14673.4,0
371000,14673.4,0
371100,14673.4,0
371200,14673.3,0
371300,14673.3,0
371400,14673.3,0
371500,14673.3,0
371600,14673.3,0
371700,14673.3,0
371800,14673.3,0
371900,14673.3,0
372000,14673.3,0
372100,14673.3,0
372200,14673.3,0
372300,14673.3,0
372400,14673.3,0
372500,14673.3,0
372600,14673.3,0
372700,14673.3,0
372800,14673.3,0
372900,14673.2,0
373000,14673.2,0
373100,14673.2,0
373200,14673.2,0
373300,14673.2,0
373400,14673.2,0
373500,14673.2,0
373600,14673.2,0
373700,14673.2,0
373800,14673.2,0
373900,14673.2,0
374000,14673.2,0
374100,14673.2,0
374200,14673.2,0
374300,14673.2,0
374400,14673.2,0
374500,14673.2,0
374600,14673.1,0
374700,14673.1,0
374800,14673.1,0
374900,14673.1,0
375000,14673.1,0
375100,14673.1,0
375200,14673.1,0
375300,14673.1,0
375400,14673.1,0
375500,14673.1,0
375600,14673.1,0
375700,14673.1,0
375800,14673.1,0
375900,14673.1,0
376000,14673.1,0
376100,14673.1,0
376200,14673,0
376300,14673,0
376400,14673,0
376500,14673,0
376600,14673,0
376700,14673,0
376800,14673,0
376900,14673,0
377000,14673,0
377100,14673,0
377200,14673,0
377300,14673,0
377400,14673,0
377500,14673,0
377600,14673,0
377700,14673,0
377800,14673,0
377900,14672.9,0
378000,14672.9,0
378100,14672.9,0
378200,14672.9,0
378300,14672.9,0
378400,14672.9,0
378500,14672.9,0
378600,14672.9,0
378700,14672.9,0
378800,14672.9,0
378900,14672.9,0
379000,14672.9,0
379100,14672.9,0
379200,14672.9,0
379300,14672.9,0
379400,14672.9,0
379500,14672.9,0
379600,14672.8,0
379700,14672.8,0
379800,14672.8,0
379900,14672.8,0
380000,14672.8,0
380100,14672.8,0
380200,14672.8,0
380300,14672.8,0
380400,14672.8,0
380500,14672.8,0
380600,14672.8,-0.12
380700,14672.8,-0.24
380800,14672.7,-0.36
380900,14672.7,-0.48
381000,14672.6,-0.6
381100,14672.6,-0.72
381200,14672.5,-0.84
381300,14672.4,-0.96
381400,14672.3,-1.08
381500,14672.2,-1.2
381600,14672.1,-1.32
381700,14671.9,-1.44
381800,14671.8,-1.56
381900,14671.6,-1.68
382000,14671.4,-1.8
382100,14671.3,-1.92
382200,14671.1,-2.04
382300,14670.8,-2.16
382400,14670.6,-2.28
382500,14670.4,-2.4
382600,14670.1,-2.52
382700,14669.9,-2.64
382800,14669.6,-2.76
382900,14669.3,-2.88
383000,14669,-3
383100,14668.7,-3.12
383200,14668.4,-3.24
383300,14668.1,-3.36
383400,14667.7,-3.48
383500,14667.4,-3.6
383600,14667,-3.72
383700,14666.6,-3.84
383800,14666.3,-3.96
383900,14665.9,-4.08
384000,14665.4,-4.2
384100,14665,-4.32
384200,14664.6,-4.44
384300,14664.1,-4.56
384400,14663.7,-4.68
384500,14663.2,-4.8
384600,14662.7,-4.92
384700,14662.2,-5.04
384800,14661.7,-5.16
384900,14661.2,-5.28
385000,14660.6,-5.4
385100,14660.1,0
385200,14660.1,0
385300,14660.1,0
385400,14660.1,0
385500,14660.1,0
385600,14660.1,-0.12
385700,14660,-0.24
385800,14660,-0.36
385900,14660,-0.48
386000,14659.9,-0.6
386100,14659.9,-0.72
386200,14659.8,-0.84
386300,14659.7,-0.96
386400,14659.6,-1.08
386500,14659.5,-1.2
386600,14659.3,-1.32
386700,14659.2,-1.44
386800,14659.1,-1.56
386900,14658.9,-1.68
387000,14658.7,-1.8
387100,14658.5,-1.92
387200,14658.3,-2.04
387300,14658.1,-2.16
387400,14657.9,-2.28
387500,14657.7,-2.4
387600,14657.4,-2.52
387700,14657.2,-2.64
387800,14656.9,-2.76
387900,14656.6,-2.88
388000,14656.3,-3
388100,14656,-3.12
388200,14655.7,-3.24
388300,14655.4,-3.36
388400,14655,-3.48
388500,14654.7,-3.6
388600,14654.3,-3.72
388700,14653.9,-3.84
388800,14653.5,-3.96
388900,14653.1,-4.08
389000,14652.7,-4.2
389100,14652.3,-4.32
389200,14651.9,-4.44
389300,14651.4,-4.56
389400,14650.9,-4.68
389500,14650.5,-4.8
389600,14650,-4.92
389700,14649.5,-5.04
389800,14649,-5.16
389900,14648.5,-5.28
390000,14647.9,-5.4
390100,14647.4,-5.52
390200,14646.8,-5.64
390300,14646.2,-5.76
390400,14645.7,-5.88
390500,14645.1,-6
390600,14644.5,-6.12
390700,14643.8,-6.24
390800,14643.2,-6.36
390900,14642.6,-6.48
391000,14641.9,-6.6
391100,14641.3,-6.72
391200,14640.6,-6.84
391300,14639.9,-6.96
391400,14639.2,-7.08
391500,14638.5,-7.2
391600,14637.7,-7.32
391700,14637,-7.44
391800,14636.3,-7.56
391900,14635.5,-7.68
392000,14634.7,-7.8
392100,14633.9,-7.92
392200,14633.1,-8.04
392300,14632.3,-8.16
392400,14631.5,-8.28
392500,14630.7,-8.4
392600,14629.8,-8.52
392700,14629,-8.64
392800,14628.1,-8.76
392900,14627.2,-8.88
393000,14626.3,-9
393100,14625.4,-9.12
393200,14624.5,-9.24
393300,14623.6,-9.36
393400,14622.6,-9.48
393500,14621.7,-9.6
393600,14620.7,-9.72
393700,14619.7,-9.84
393800,14618.7,-9.96
393900,14617.7,-10.08
394000,14616.7,-10.2
394100,14615.7,-10.32
394200,14614.7,-10.44
394300,14613.6,-10.56
394400,14612.5,-10.68
394500,14611.5,-10.8
394600,14610.4,-10.92
394700,14609.3,-11.04
394800,14608.2,-11.16
394900,14607.1,-11.28
395000,14605.9,-11.4
395100,14604.8,-11.52
395200,14603.6,-11.64
395300,14602.4,-11.76
395400,14601.3,-11.88
395500,14600.1,-12
395600,14598.9,-12.12
395700,14597.6,-12.24
395800,14596.4,-12.36
395900,14595.2,-12.48
396000,14593.9,-12.6
396100,14592.7,-12.72
396200,14591.4,-12.84
396300,14590.1,-12.96
396400,14588.8,-13.08
396500,14587.5,-13.2
396600,14586.1,-13.32
396700,14584.8,-13.44
396800,14583.5,-13.56
396900,14582.1,-13.68
397000,14580.7,-13.8
397100,14579.3,-13.92
397200,14577.9,-14.04
397300,14576.5,-14.16
397400,14575.1,-14.28
397500,14573.7,-14.4
397600,14572.2,-14.52
397700,14570.8,-14.64
397800,14569.3,-14.76
397900,14567.8,-14.88
398000,14566.3,-15
398100,14564.8,-15.12
398200,14563.3,-15.24
398300,14561.8,-15.36
398400,14560.2,-15.48
398500,14558.7,-15.6
398600,14557.1,-15.72
398700,14555.5,-15.84
398800,14553.9,-15.96
398900,14552.3,-16.08
399000,14550.7,-16.2
399100,14549.1,0
399200,14549.1,0
399300,14549.1,0
399400,14549.1,0
399500,14549.1,0
399600,14549.1,-0.12
399700,14549,-0.24
399800,14549,-0.36
399900,14549,-0.48
400000,14548.9,-0.6
400100,14548.9,-0.72
400200,14548.8,-0.84
400300,14548.7,-0.96
400400,14548.6,-1.08
400500,14548.5,-1.2
400600,14548.3,-1.32
400700,14548.2,-1.44
400800,14548.1,-1.56
400900,14547.9,-1.68
401000,14547.7,-1.8
401100,14547.5,-1.92
401200,14547.3,-2.04
401300,14547.1,-2.16
401400,14546.9,-2.28
401500,14546.7,-2.4
401600,14546.4,-2.52
401700,14546.2,-2.64
401800,14545.9,-2.76
401900,14545.6,-2.88
402000,14545.3,-3
402100,14545,-3.12
402200,14544.7,-3.24
402300,14544.4,-3.36
402400,14544,-3.48
402500,14543.7,-3.6
402600,14543.3,-3.72
402700,14542.9,-3.84
402800,14542.5,-3.96
402900,14542.1,-4.08
403000,14541.7,-4.2
403100,14541.3,-4.32
403200,14540.9,-4.44
403300,14540.4,-4.56
403400,14539.9,-4.68
403500,14539.5,-4.8
403600,14539,-4.92
403700,14538.5,-5.04
403800,14538,-5.16
403900,14537.5,-5.28
404000,14536.9,-5.4
404100,14536.4,-5.52
404200,14535.8,-5.64
404300,14535.2,-5.76
404400,14534.7,-5.88
404500,14534.1,-6
404600,14533.5,-6.12
404700,14532.8,-6.24
404800,14532.2,-6.36
404900,14531.6,-6.48
405000,14530.9,-6.6
405100,14530.3,-6.72
405200,14529.6,-6.84
405300,14528.9,-6.96
405400,14528.2,-7.08
405500,14527.5,-7.2
405600,14526.7,-7.32
405700,14526,-7.44
405800,14525.3,-7.56
405900,14524.5,-7.68
406000,14523.7,-7.8
406100,14522.9,-7.92
406200,14522.1,-8.04
406300,14521.3,-8.16
406400,14520.5,-8.28
406500,14519.7,-8.4
406600,14518.8,-8.52
406700,14518,-8.64
406800,14517.1,-8.76
406900,14516.2,-8.88
407000,14515.3,-9
407100,14514.4,-9.12
407200,14513.5,-9.24
407300,14512.6,-9.36
407400,14511.6,-9.48
407500,14510.7,-9.6
407600,14509.7,-9.72
407700,14508.7,-9.84
407800,14507.7,-9.96
407900,14506.7,-10.08
408000,14505.7,-10.2
408100,14504.7,-10.32
408200,14503.7,-10.44
408300,14502.6,-10.56
408400,14501.5,-10.68
408500,14500.5,-10.8
408600,14499.4,-10.92
408700,14498.3,-11.04
408800,14497.2,-11.16
408900,14496.1,-11.28
409000,14494.9,-11.4
409100,14493.8,-11.52
409200,14492.6,-11.64
409300,14491.4,-11.76
409400,14490.3,-11.88
409500,14489.1,-12
409600,14487.9,-12.12
409700,14486.6,-12.24
409800,14485.4,-12.36
409900,14484.2,-12.48
410000,14482.9,-12.6
410100,14481.7,-12.72
410200,14480.4,-12.84
410300,14479.1,-12.96
410400,14477.8,-13.08
410500,14476.5,-13.2
410600,14475.1,-13.32
410700,14473.8,-13.44
410800,14472.5,-13.56
410900,14471.1,-13.68
411000,14469.7,-13.8
411100,14468.3,-13.92
411200,14466.9,-14.04
411300,14465.5,-14.16
411400,14464.1,-14.28
411500,14462.7,-14.4
411600,14461.2,-14.52
411700,14459.8,-14.64
411800,14458.3,-14.76
411900,14456.8,-14.88
412000,14455.3,-15
412100,14453.8,-15.12
412200,14452.3,-15.24
412300,14450.8,-15.36
412400,14449.2,-15.48
412500,14447.7,-15.6
412600,14446.1,-15.72
412700,14444.5,-15.84
412800,14442.9,-15.96
412900,14441.3,-16.08
413000,14439.7,-16.2
413100,14438.1,-16.32
413200,14436.5,-16.44
413300,14434.8,-16.56
413400,14433.1,-16.68
413500,14431.5,-16.8
413600,14429.8,-16.92
413700,14428.1,-17.04
413800,14426.4,-17.16
413900,14424.7,-17.28
414000,14422.9,-17.4
414100,14421.2,-17.52
414200,14419.4,-17.64
414300,14417.6,-17.76
414400,14415.9,-17.88
414500,14414.1,-18
414600,14412.3,-18.12
414700,14410.4,-18.24
414800,14408.6,-18.36
414900,14406.8,-18.48
415000,14404.9,-18.6
415100,14403.1,-18.72
415200,14401.2,-18.84
415300,14399.3,-18.96
415400,14397.4,-19.08
415500,14395.5,-19.2
415600,14393.5,-19.32
415700,14391.6,-19.44
415800,14389.7,-19.56
415900,14387.7,-19.68
416000,14385.7,-19.8
416100,14383.7,-19.92
416200,14381.7,-20.04
416300,14379.7,-20.16
416400,14377.7,-20.28
416500,14375.7,-20.4
416600,14373.6,-20.52
416700,14371.6,-20.64
416800,14369.5,-20.76
416900,14367.4,-20.88
417000,14365.3,-21
417100,14363.2,-21.12
417200,14361.1,-21.24
417300,14359,-21.36
417400,14356.8,-21.48
417500,14354.7,-21.6
417600,14352.5,-21.72
417700,14350.3,-21.84
417800,14348.1,-21.96
417900,14345.9,-22.08
418000,14343.7,-22.2
418100,14341.5,-22.32
418200,14339.3,-22.44
418300,14337,-22.56
418400,14334.7,-22.68
418500,14332.5,-22.8
418600,14330.2,-22.92
418700,14327.9,-23.04
418800,14325.6,-23.16
418900,14323.3,-23.28
419000,14320.9,-23.4
419100,14318.6,-23.52
419200,14316.2,-23.64
419300,14313.8,-23.76
419400,14311.5,-23.88
419500,14309.1,-24
419600,14306.7,-24.12
419700,14304.2,-24.24
419800,14301.8,-24.36
419900,14299.4,-24.48
420000,14296.9,-24.6
420100,14294.5,-24.72
420200,14292,-24.84
420300,14289.5,-24.96
420400,14287,-25.08
420500,14284.5,-25.2
420600,14281.9,-25.32
420700,14279.4,-25.44
420800,14276.9,-25.56
420900,14274.3,-25.68
421000,14271.7,-25.8
421100,14269.1,-25.92
421200,14266.5,-26.04
421300,14263.9,-26.16
421400,14261.3,-26.28
421500,14258.7,-26.4
421600,14256,-26.52
421700,14253.4,-26.64
421800,14250.7,-26.76
421900,14248,-26.88
422000,14245.3,-27
422100,14242.6,-27.12
422200,14239.9,-27.24
422300,14237.2,-27.36
422400,14234.4,-27.48
422500,14231.7,-27.6
422600,14228.9,-27.72
422700,14226.1,-27.84
422800,14223.3,-27.96
422900,14220.5,-28.08
423000,14217.7,-28.2
423100,14214.9,-28.32
423200,14212.1,-28.44
423300,14209.2,-28.56
423400,14206.3,-28.68
423500,14203.5,-28.8
423600,14200.6,-28.92
423700,14197.7,-29.04
423800,14194.8,-29.16
423900,14191.9,-29.28
424000,14188.9,-29.4
424100,14186,0
424200,14186,0
424300,14186,0
424400,14186,0
424500,14186,0
424600,14185.9,-0.12
424700,14185.9,-0.24
424800,14185.9,-0.36
424900,14185.9,-0.48
425000,14185.8,-0.6
425100,14185.7,-0.72
425200,14185.7,-0.84
425300,14185.6,-0.96
425400,14185.5,-1.08
425500,14185.4,-1.2
425600,14185.2,-1.32
425700,14185.1,-1.44
425800,14184.9,-1.56
425900,14184.8,-1.68
426000,14184.6,-1.8
426100,14184.4,-1.92
426200,14184.2,-2.04
426300,14184,-2.16
426400,14183.8,-2.28
426500,14183.6,-2.4
426600,14183.3,-2.52
426700,14183,-2.64
426800,14182.8,-2.76
426900,14182.5,-2.88
427000,14182.2,-3
427100,14181.9,-3.12
427200,14181.6,-3.24
427300,14181.2,-3.36
427400,14180.9,-3.48
427500,14180.6,-3.6
427600,14180.2,-3.72
427700,14179.8,-3.84
427800,14179.4,-3.96
427900,14179,-4.08
428000,14178.6,-4.2
428100,14178.2,-4.32
428200,14177.7,-4.44
428300,14177.3,-4.56
428400,14176.8,-4.68
428500,14176.4,-4.8
428600,14175.9,-4.92
428700,14175.4,-5.04
428800,14174.9,-5.16
428900,14174.3,-5.28
429000,14173.8,-5.4
429100,14173.3,-5.52
429200,14172.7,-5.64
429300,14172.1,-5.76
429400,14171.5,-5.88
429500,14171,-6
429600,14170.3,-6.12
429700,14169.7,-6.24
429800,14169.1,-6.36
429900,14168.5,-6.48
430000,14167.8,-6.6
430100,14167.1,-6.72
430200,14166.5,-6.84
430300,14165.8,-6.96
430400,14165.1,-7.08
430500,14164.4,-7.2
430600,14163.6,-7.32
430700,14162.9,-7.44
430800,14162.1,-7.56
430900,14161.4,-7.68
431000,14160.6,-7.8
431100,14159.8,-7.92
431200,14159,-8.04
